pressure,rain,temperature,humidity
1020.4,0,6.3,54.0
1019.8,0,5.9,60.0
1018.9,0,5.4,65.0
1018.1,0,5.7,64.0
1017.1,0,5.7,64.0
1016.1,0,5.4,64.0
1015.9,0,4.2,68.0
1016.0,0,4.6,65.0
1016.2,0,5.2,62.0
1016.2,0,5.0,68.0
1016.5,0,4.9,71.0
1016.7,0,5.5,70.0
1016.2,0,5.4,71.0
1015.6,0,5.4,73.0
1014.7,0,5.5,73.0
1013.9,0,5.3,74.0
1013.3,0,5.5,73.0
1012.7,0,5.5,74.0
1012.9,0,5.2,74.0
1012.3,0,5.1,76.0
1012.1,0,5.2,77.0
1011.8,0,5.4,78.0
1012.2,0,5.1,78.0
1011.4,0,5.4,79.0
1011.0,0,5.7,78.0
1010.5,0,5.8,76.0
1010.2,0,5.8,75.0
1009.5,0,5.4,78.0
1009.4,0,5.3,77.0
1008.9,0,5.6,76.0
1008.7,0,5.0,79.0
1007.9,0,5.7,78.0
1007.6,0,5.7,80.0
1007.7,0,5.9,79.0
1007.4,0,5.8,80.0
1007.1,0,6.2,77.0
1006.3,0,6.5,75.0
1005.7,0,6.7,74.0
1004.6,0,7.0,74.0
1003.8,0,7.2,75.0
1003.1,0,7.2,78.0
1002.8,0,7.3,80.0
1001.7,0,7.3,81.0
1000.3,0,7.3,81.0
999.6,0,7.5,80.0
998.4,0,7.6,80.0
997.8,0,7.4,84.0
996.7,0,7.5,82.0
996.5,0,7.6,83.0
995.3,0,7.4,87.0
993.6,0,7.5,88.0
992.1,0,7.9,86.0
990.6,0,8.0,87.0
989.5,0,8.2,87.0
989.6,0,8.2,88.0
990.3,0,7.7,89.0
991.7,0,8.0,67.0
993.4,0,6.9,53.0
994.6,0,5.6,53.0
995.7,0,6.1,49.0
996.7,0,6.5,42.0
996.9,0,6.3,43.0
997.3,0,6.0,44.0
996.9,0,4.9,47.0
996.4,0,4.6,44.0
996.1,0,4.5,59.0
995.6,0,4.3,64.0
995.8,0,3.8,65.0
995.7,0,3.5,66.0
996.2,0,3.2,63.0
995.8,0,1.4,90.0
996.0,1,1.9,89.0
996.4,0,2.4,74.0
997.0,0,1.8,56.0
996.8,0,1.8,44.0
997.1,0,1.3,49.0
997.2,0,1.1,50.0
997.4,0,1.5,50.0
997.8,0,0.8,53.0
998.0,0,1.4,52.0
999.2,0,2.5,48.0
1000.3,0,2.8,49.0
1002.2,0,1.8,56.0
1003.4,0,3.0,43.0
1004.8,0,3.8,40.0
1006.4,0,4.0,39.0
1008.1,0,4.0,40.0
1009.8,0,3.2,40.0
1011.4,0,3.3,38.0
1013.1,0,2.9,39.0
1014.3,0,2.8,39.0
1015.5,0,2.4,41.0
1016.7,0,1.5,44.0
1017.9,0,-0.1,50.0
1019.0,0,-0.8,55.0
1019.7,0,1.6,44.0
1020.5,0,0.8,48.0
1020.8,0,-1.1,58.0
1021.2,0,-2.3,65.0
1021.3,0,-2.6,69.0
1021.4,0,-2.6,69.0
1021.5,0,-2.2,72.0
1021.6,0,-2.0,77.0
1020.9,0,-1.0,70.0
1020.0,0,-0.2,60.0
1020.0,0,1.1,56.0
1019.9,0,0.8,76.0
1018.1,1,0.4,91.0
1016.4,0,1.6,92.0
1014.9,0,2.6,94.0
1013.7,0,3.2,96.0
1013.2,0,4.6,93.0
1012.3,0,5.3,92.0
1011.9,0,5.8,90.0
1011.2,0,6.0,90.0
1011.5,0,5.8,87.0
1011.6,0,4.9,88.0
1011.6,0,5.2,90.0
1011.5,0,4.7,90.0
1011.6,0,3.7,88.0
1011.7,0,4.7,85.0
1011.9,0,4.0,88.0
1011.5,0,5.0,85.0
1011.6,0,5.1,85.0
1012.0,0,5.8,80.0
1011.7,0,5.8,80.0
1011.5,0,4.8,85.0
1011.5,0,4.9,85.0
1011.4,0,5.2,83.0
1011.3,0,5.4,85.0
1011.1,0,5.6,85.0
1010.9,0,6.0,88.0
1010.6,0,6.6,87.0
1009.9,0,6.5,89.0
1009.4,0,6.8,86.0
1009.0,0,6.2,88.0
1008.6,0,6.1,91.0
1008.0,0,6.5,94.0
1007.7,0,7.0,92.0
1007.1,0,6.8,90.0
1007.0,0,6.5,91.0
1006.6,0,6.1,89.0
1006.4,0,5.8,92.0
1006.1,0,5.8,94.0
1005.9,1,5.7,93.0
1005.6,1,5.6,90.0
1005.8,0,4.9,89.0
1005.9,0,4.2,90.0
1006.3,0,4.2,94.0
1006.5,0,5.0,93.0
1006.7,0,6.1,94.0
1007.3,0,6.3,94.0
1007.1,0,5.7,96.0
1008.1,0,5.8,95.0
1008.5,0,5.3,92.0
1008.7,0,5.6,92.0
1008.6,0,5.8,92.0
1007.8,0,5.8,89.0
1007.2,0,6.0,83.0
1007.0,0,6.2,82.0
1006.2,0,6.5,84.0
1005.7,0,6.6,87.0
1004.7,1,6.4,90.0
1003.9,1,6.6,88.0
1002.9,0,6.9,85.0
1000.4,1,7.0,87.0
998.4,0,6.9,88.0
996.9,1,6.6,94.0
995.3,1,7.4,94.0
993.9,1,7.9,94.0
992.7,1,8.4,93.0
992.2,0,8.6,93.0
991.8,0,8.7,93.0
991.1,0,8.7,92.0
991.0,0,8.7,89.0
991.9,0,8.8,84.0
993.4,0,9.0,78.0
994.8,0,9.1,61.0
996.0,0,8.1,57.0
997.6,0,7.4,57.0
998.6,0,7.2,55.0
999.3,0,6.9,56.0
1000.0,0,6.9,51.0
1000.8,0,6.2,54.0
1001.5,0,5.5,57.0
1001.8,0,5.4,59.0
1002.0,0,4.6,63.0
1002.7,0,4.4,66.0
1003.1,0,4.3,67.0
1003.5,0,3.9,72.0
1004.0,0,4.0,68.0
1004.6,0,3.9,69.0
1005.2,0,3.9,70.0
1005.4,0,3.8,72.0
1005.6,0,4.0,71.0
1006.3,0,3.7,73.0
1006.5,0,4.0,70.0
1006.9,0,3.8,74.0
1007.2,0,3.3,79.0
1007.6,0,1.1,86.0
1006.8,0,2.9,78.0
1007.6,0,2.4,79.0
1007.3,0,1.5,81.0
1007.3,0,1.2,85.0
1006.8,0,2.5,81.0
1006.0,0,2.8,79.0
1005.6,0,2.0,83.0
1005.0,0,1.9,84.0
1004.3,0,1.2,86.0
1004.6,0,1.1,87.0
1004.2,1,1.2,92.0
1004.3,1,1.3,92.0
1004.4,1,1.3,93.0
1004.4,1,0.9,95.0
1004.4,1,1.0,96.0
1004.5,0,0.9,96.0
1004.4,0,0.9,95.0
1004.9,0,1.2,95.0
1005.4,0,1.2,94.0
1005.8,0,1.5,94.0
1006.3,0,1.6,91.0
1006.8,0,1.1,89.0
1007.9,0,0.9,88.0
1009.1,0,0.7,85.0
1009.3,0,0.1,84.0
1010.0,0,-0.1,81.0
1010.5,0,-0.6,84.0
1011.2,0,-0.1,80.0
1011.8,0,0.5,76.0
1012.3,0,1.0,70.0
1013.0,0,1.1,71.0
1014.1,0,0.5,71.0
1014.8,0,-0.9,78.0
1015.6,0,-1.7,82.0
1015.8,0,-2.6,87.0
1016.3,0,-2.9,91.0
1016.9,0,-3.5,92.0
1017.0,0,-3.8,94.0
1017.1,0,-4.2,94.0
1016.9,0,-3.6,95.0
1017.1,0,-3.5,92.0
1016.9,0,-2.7,93.0
1015.9,0,0.1,86.0
1015.9,0,1.3,82.0
1014.8,0,1.4,84.0
1013.9,0,2.3,85.0
1013.3,0,3.8,87.0
1011.7,0,5.0,83.0
1010.2,1,5.3,88.0
1008.7,1,5.7,86.0
1007.6,1,5.6,90.0
1006.4,0,5.9,87.0
1004.9,1,6.2,92.0
1003.5,0,6.5,93.0
1001.9,0,7.0,91.0
1000.9,1,7.1,91.0
999.7,1,7.3,90.0
998.8,0,7.4,90.0
997.1,1,7.3,93.0
997.5,1,7.6,91.0
995.8,0,7.6,91.0
995.8,0,7.8,91.0
995.6,0,7.9,91.0
995.8,0,8.0,89.0
995.8,0,8.1,87.0
996.3,0,8.0,88.0
996.3,0,7.6,89.0
996.8,0,6.9,88.0
996.8,0,6.7,87.0
997.2,0,5.9,89.0
997.3,0,5.5,88.0
997.3,0,5.0,92.0
997.9,0,4.5,90.0
998.9,0,2.7,92.0
999.6,0,2.9,91.0
1000.2,0,5.0,67.0
1000.6,0,5.4,62.0
1000.7,0,6.1,55.0
1000.9,0,5.6,58.0
1000.9,0,4.4,62.0
1000.7,0,2.7,73.0
1001.0,0,2.3,74.0
1001.6,0,1.5,76.0
1001.7,0,3.0,70.0
1001.7,0,1.4,80.0
1002.0,0,1.0,77.0
1002.5,0,0.4,79.0
1002.7,0,-0.4,84.0
1003.0,0,1.3,78.0
1003.0,0,1.4,81.0
1003.3,0,1.7,79.0
1003.5,0,1.9,77.0
1003.8,0,0.7,83.0
1004.0,0,0.0,88.0
1004.0,0,-0.8,90.0
1004.3,0,-0.6,89.0
1004.5,0,1.9,80.0
1004.8,0,0.2,87.0
1004.7,0,0.2,88.0
1005.2,0,2.3,82.0
1004.8,0,3.3,77.0
1004.8,0,3.8,76.0
1004.2,0,3.9,77.0
1004.1,0,3.6,80.0
1004.1,0,3.0,84.0
1004.0,0,2.6,87.0
1003.8,0,2.2,88.0
1003.0,0,2.0,94.0
1002.4,0,4.0,92.0
1001.2,0,5.2,89.0
1000.5,0,5.2,91.0
999.6,1,5.2,92.0
998.7,1,5.3,90.0
997.3,0,5.5,87.0
995.7,0,5.3,83.0
993.6,0,5.3,84.0
991.0,1,5.3,89.0
988.9,1,5.3,93.0
986.8,1,5.6,92.0
985.6,1,5.9,93.0
985.2,1,6.2,94.0
985.4,1,7.0,90.0
986.0,0,6.7,87.0
986.4,1,6.9,88.0
986.6,1,7.2,84.0
986.5,0,7.0,84.0
987.7,0,6.5,75.0
988.4,0,5.9,72.0
989.5,0,5.0,74.0
989.9,0,4.8,81.0
990.1,0,5.2,82.0
989.8,0,5.9,83.0
989.4,1,6.0,86.0
988.4,1,5.0,87.0
987.1,1,6.0,91.0
985.5,1,5.5,92.0
983.2,1,5.0,91.0
979.9,1,5.5,95.0
978.1,1,9.1,93.0
978.5,0,9.3,88.0
979.6,0,8.7,88.0
981.3,0,8.4,85.0
983.2,0,7.7,80.0
984.3,0,7.1,76.0
986.3,0,6.4,75.0
987.8,0,6.1,71.0
988.6,0,5.7,77.0
989.7,0,5.7,74.0
990.7,0,6.1,73.0
991.4,0,6.3,73.0
992.1,0,7.0,72.0
992.5,0,6.6,72.0
993.1,0,5.9,76.0
993.6,0,5.9,79.0
993.8,0,6.1,84.0
994.0,0,6.5,85.0
994.7,0,6.3,83.0
994.7,0,6.3,85.0
995.3,0,6.2,82.0
996.0,0,6.0,76.0
996.5,0,6.2,78.0
997.1,0,6.8,76.0
997.6,0,6.7,77.0
998.2,0,6.5,78.0
998.7,0,6.6,80.0
999.6,0,6.5,81.0
1000.4,0,6.6,79.0
1001.3,0,6.6,81.0
1002.1,0,6.6,80.0
1003.7,0,6.4,78.0
1005.3,0,6.8,73.0
1006.6,0,7.5,71.0
1007.8,0,7.9,69.0
1009.0,0,8.5,64.0
1009.7,0,8.4,60.0
1010.7,0,7.8,64.0
1012.0,0,6.5,75.0
1012.9,0,6.3,71.0
1013.5,0,6.2,82.0
1013.7,0,5.7,87.0
1014.1,0,5.9,89.0
1014.2,0,5.8,88.0
1014.2,0,6.4,93.0
1013.4,0,6.6,90.0
1013.2,0,6.4,88.0
1012.7,0,6.4,89.0
1012.0,0,6.1,87.0
1010.6,0,5.8,90.0
1009.5,1,5.7,95.0
1008.6,1,6.0,94.0
1007.7,1,6.2,93.0
1007.3,0,6.4,93.0
1007.0,1,6.4,93.0
1007.1,0,6.8,93.0
1007.0,0,7.0,90.0
1007.0,0,6.7,93.0
1006.6,1,6.4,96.0
1006.4,1,6.1,96.0
1005.8,1,6.1,96.0
1005.3,1,6.1,96.0
1004.8,1,6.1,96.0
1004.5,1,6.1,96.0
1004.2,1,6.1,97.0
1003.7,1,6.1,97.0
1003.3,1,6.2,97.0
1003.1,1,6.1,97.0
1002.8,1,6.0,97.0
1002.4,1,5.9,97.0
1001.9,1,5.9,97.0
1001.6,1,5.9,97.0
1001.3,1,5.9,97.0
1001.1,1,6.0,97.0
1000.9,0,6.1,97.0
1000.7,1,6.2,97.0
1000.0,1,5.9,97.0
999.5,1,6.4,97.0
999.7,0,6.2,96.0
1000.0,0,6.1,93.0
1000.2,0,5.8,94.0
1000.3,0,6.1,93.0
1000.2,1,6.4,94.0
1000.4,1,5.9,93.0
1000.7,0,6.2,91.0
1001.0,0,5.8,87.0
1001.9,0,5.3,80.0
1002.8,0,5.6,72.0
1003.6,0,5.6,70.0
1004.9,0,4.9,70.0
1006.3,0,4.9,69.0
1007.7,0,4.1,69.0
1008.7,0,4.5,63.0
1009.7,0,1.7,81.0
1010.7,0,1.0,83.0
1011.8,0,0.3,88.0
1013.0,0,0.4,90.0
1014.1,0,0.0,90.0
1015.2,0,0.2,84.0
1016.6,0,-0.4,89.0
1017.9,0,0.1,84.0
1019.0,0,3.8,60.0
1021.0,0,4.0,57.0
1022.6,0,4.3,53.0
1023.8,0,4.3,52.0
1025.3,0,4.6,48.0
1026.3,0,5.0,44.0
1027.1,0,5.0,44.0
1028.3,0,4.9,43.0
1028.8,0,2.9,60.0
1029.8,0,1.8,69.0
1030.3,0,-0.5,86.0
1031.0,0,-1.0,87.0
1031.4,0,-0.8,86.0
1031.8,0,-0.7,85.0
1032.2,0,-0.3,84.0
1032.2,0,0.6,71.0
1031.7,0,1.2,66.0
1031.8,0,2.4,62.0
1031.8,0,3.1,60.0
1030.8,0,4.3,61.0
1030.5,0,4.5,65.0
1030.2,0,5.1,69.0
1029.1,1,5.0,77.0
1028.8,1,5.1,78.0
1028.2,0,5.2,79.0
1028.5,0,5.5,79.0
1028.6,0,5.6,80.0
1028.1,0,5.8,81.0
1028.2,0,5.8,81.0
1027.7,0,7.1,72.0
1027.2,0,8.1,67.0
1026.5,0,8.5,66.0
1025.8,0,7.7,77.0
1025.4,0,7.1,80.0
1024.8,0,6.7,84.0
1024.7,0,6.2,88.0
1024.3,0,6.6,86.0
1023.9,0,7.5,84.0
1023.5,0,7.5,86.0
1022.0,0,7.1,87.0
1021.4,0,7.4,86.0
1020.4,0,7.4,86.0
1019.9,0,7.4,84.0
1019.4,0,7.4,83.0
1018.7,0,7.0,84.0
1018.0,0,7.3,82.0
1018.4,0,7.7,81.0
1017.9,0,7.6,82.0
1018.1,0,7.0,84.0
1018.7,0,6.7,84.0
1018.8,0,6.5,83.0
1019.5,0,5.7,88.0
1020.4,0,6.6,82.0
1020.0,0,8.4,66.0
1020.2,0,9.4,50.0
1020.3,0,8.6,57.0
1020.1,0,8.0,52.0
1020.0,0,7.0,53.0
1019.9,0,5.5,57.0
1018.7,0,4.5,61.0
1019.6,0,5.0,58.0
1018.8,0,5.6,54.0
1018.9,0,5.9,51.0
1018.8,0,4.6,60.0
1018.5,0,4.7,58.0
1018.9,0,4.2,61.0
1018.5,0,3.9,62.0
1018.8,0,3.6,63.0
1018.6,0,3.3,65.0
1018.5,0,3.2,66.0
1019.1,0,3.1,67.0
1019.9,0,1.6,76.0
1020.5,0,3.2,57.0
1021.6,0,1.3,65.0
1022.9,0,0.7,69.0
1023.8,0,4.7,47.0
1024.6,0,5.1,45.0
1025.5,0,6.1,42.0
1025.9,0,6.8,41.0
1026.2,0,7.0,42.0
1026.2,0,7.0,41.0
1025.9,0,3.8,51.0
1026.1,0,1.0,66.0
1026.3,0,-0.9,75.0
1026.6,0,-1.3,80.0
1026.9,0,-2.1,86.0
1026.6,0,-2.0,87.0
1026.6,0,-2.1,88.0
1026.4,0,-2.5,86.0
1026.0,0,-2.9,91.0
1025.0,0,-2.5,90.0
1024.2,0,-2.1,88.0
1023.0,0,-1.8,82.0
1021.6,0,-1.3,75.0
1020.6,0,0.6,59.0
1019.3,0,0.1,63.0
1018.1,0,1.0,64.0
1017.5,0,3.0,64.0
1016.7,0,2.9,69.0
1016.1,0,3.8,72.0
1015.4,0,4.5,75.0
1014.8,0,5.6,78.0
1014.0,0,6.2,84.0
1012.8,0,6.8,81.0
1012.0,0,6.2,86.0
1011.4,0,6.3,85.0
1011.1,0,4.3,91.0
1010.4,0,7.1,73.0
1010.1,0,7.4,68.0
1010.2,0,6.7,73.0
1010.2,0,6.7,73.0
1009.6,0,6.2,77.0
1008.9,0,6.1,80.0
1008.2,0,6.3,81.0
1007.7,0,6.4,80.0
1006.8,0,6.4,84.0
1006.2,0,6.1,87.0
1005.4,0,6.2,86.0
1005.0,0,6.4,84.0
1004.2,0,6.5,82.0
1004.4,0,5.9,84.0
1004.7,0,5.6,83.0
1004.9,0,5.2,80.0
1005.1,0,5.1,79.0
1005.0,0,5.6,75.0
1004.7,0,6.9,69.0
1004.6,0,8.2,62.0
1004.0,0,8.1,59.0
1003.6,0,7.3,63.0
1003.6,0,5.9,68.0
1003.9,0,6.2,48.0
1004.0,0,2.9,66.0
1004.1,0,4.0,63.0
1004.6,0,4.5,61.0
1004.7,0,3.9,63.0
1005.1,0,3.4,64.0
1005.4,0,3.0,67.0
1005.8,0,2.8,67.0
1006.0,0,3.1,64.0
1006.0,0,3.7,60.0
1006.2,0,3.9,58.0
1006.0,0,4.2,56.0
1005.9,0,3.4,61.0
1006.3,0,2.3,68.0
1006.7,0,2.6,68.0
1007.1,0,2.5,69.0
1007.4,0,2.5,70.0
1008.0,0,4.4,61.0
1008.1,0,4.3,63.0
1008.4,0,5.1,62.0
1007.8,0,5.3,63.0
1007.2,0,5.5,66.0
1006.8,0,5.6,67.0
1006.1,0,4.9,74.0
1005.8,0,4.7,82.0
1005.5,0,5.3,78.0
1004.9,0,5.9,84.0
1004.1,0,6.1,87.0
1003.8,0,6.4,88.0
1003.8,0,6.4,88.0
1003.9,0,6.1,88.0
1003.8,0,6.2,87.0
1003.9,0,6.1,87.0
1003.4,0,5.9,87.0
1003.4,0,5.9,87.0
1003.5,0,5.9,87.0
1003.6,0,5.6,88.0
1003.7,0,5.4,89.0
1003.4,0,4.7,90.0
1003.4,0,4.8,89.0
1003.6,0,4.9,89.0
1003.7,0,5.2,88.0
1004.0,0,6.2,82.0
1004.0,0,6.7,79.0
1004.0,0,6.7,77.0
1003.8,0,6.9,72.0
1003.9,0,6.3,79.0
1003.7,0,6.2,81.0
1003.4,0,6.2,91.0
1003.2,0,6.2,93.0
1002.9,0,6.1,94.0
1002.7,0,6.0,94.0
1002.6,1,5.9,94.0
1002.4,0,5.9,93.0
1002.0,1,6.0,93.0
1001.5,1,5.8,92.0
1001.3,0,5.5,93.0
1000.9,0,5.4,94.0
1000.4,1,5.3,94.0
999.7,0,5.5,94.0
999.1,0,5.6,93.0
998.5,0,5.6,93.0
998.1,1,5.5,94.0
997.5,1,5.5,94.0
997.1,1,5.2,93.0
996.4,1,5.3,95.0
995.6,1,5.3,95.0
994.9,1,5.2,93.0
994.1,1,5.3,93.0
993.2,1,5.6,95.0
992.3,1,5.9,96.0
992.4,0,6.2,94.0
992.5,0,5.3,94.0
992.7,0,4.7,89.0
993.0,0,3.7,93.0
992.7,0,4.9,95.0
992.3,0,5.3,94.0
991.9,1,5.3,93.0
991.5,1,4.7,92.0
991.3,0,4.0,93.0
991.3,0,3.9,95.0
991.1,0,2.7,95.0
990.8,0,1.2,96.0
990.4,0,0.8,97.0
989.9,0,0.4,97.0
989.6,0,0.2,97.0
989.1,0,0.4,97.0
988.7,0,0.9,97.0
988.1,0,1.7,97.0
987.5,1,1.8,97.0
986.7,1,2.6,97.0
985.8,1,3.5,97.0
984.8,1,3.7,97.0
984.1,1,3.9,96.0
983.3,1,4.2,95.0
982.7,1,4.2,94.0
982.5,1,3.9,90.0
982.4,1,3.1,91.0
982.1,1,2.8,92.0
981.9,1,2.5,92.0
981.7,1,2.3,93.0
981.4,1,2.1,94.0
981.3,0,2.2,95.0
981.2,1,2.3,95.0
981.1,0,2.2,95.0
981.1,1,2.0,96.0
981.3,1,1.7,96.0
981.2,1,1.5,96.0
981.4,1,1.4,96.0
981.6,1,1.5,96.0
982.0,1,1.3,96.0
982.4,1,1.3,96.0
983.0,1,1.3,96.0
983.6,0,1.4,96.0
984.2,0,1.7,96.0
984.8,1,1.9,95.0
985.1,0,2.4,93.0
985.8,0,2.9,91.0
986.6,0,3.7,85.0
987.2,0,3.3,87.0
987.6,0,0.8,93.0
988.1,0,-0.3,95.0
988.6,0,-0.8,96.0
989.0,0,-1.4,97.0
989.3,0,-1.4,97.0
990.2,0,-0.7,97.0
990.5,0,-0.5,97.0
990.6,0,-0.3,97.0
990.7,0,-0.2,97.0
990.8,0,0.0,97.0
991.0,0,0.2,97.0
990.9,0,0.1,97.0
991.0,0,0.0,97.0
991.4,0,-0.4,97.0
991.6,0,-0.9,97.0
992.1,0,-1.0,97.0
992.4,0,-1.0,97.0
992.5,0,-0.9,96.0
992.9,0,-1.1,95.0
993.2,0,-1.3,95.0
993.2,0,-1.3,95.0
992.7,0,-1.3,94.0
992.9,0,-1.4,93.0
992.3,0,-1.2,94.0
991.4,0,-1.4,94.0
990.7,0,-1.3,96.0
989.7,1,-1.2,96.0
988.0,1,-0.8,96.0
986.5,1,0.2,97.0
985.6,1,1.1,97.0
984.8,1,0.7,96.0
984.1,1,0.2,96.0
984.0,1,0.2,97.0
984.1,1,0.3,97.0
984.0,1,0.5,97.0
985.2,1,0.3,97.0
986.2,1,0.1,97.0
986.8,1,0.0,97.0
986.9,1,0.1,97.0
988.4,1,0.0,97.0
988.5,1,0.1,97.0
989.3,1,0.2,97.0
989.4,1,0.4,97.0
989.4,0,0.7,97.0
989.3,0,1.1,97.0
989.3,0,1.5,97.0
988.9,0,1.5,95.0
988.8,0,1.5,94.0
988.9,0,0.9,95.0
989.3,0,1.6,96.0
989.1,0,2.1,95.0
988.4,0,1.4,96.0
988.2,0,2.9,97.0
987.4,0,4.4,97.0
986.9,1,4.7,96.0
985.7,1,5.0,97.0
984.2,1,5.4,97.0
982.5,1,6.0,97.0
981.7,0,6.1,97.0
980.8,0,6.1,97.0
980.1,0,6.5,97.0
979.3,0,6.6,96.0
978.5,0,6.9,95.0
978.4,0,6.6,94.0
978.0,0,6.6,94.0
978.1,0,6.9,90.0
978.2,0,7.5,86.0
978.2,0,7.6,88.0
977.5,0,8.6,82.0
977.1,0,8.2,83.0
976.9,0,7.6,84.0
976.6,0,7.0,87.0
976.5,0,6.9,89.0
976.2,0,6.8,90.0
976.3,0,6.7,89.0
976.3,0,6.6,90.0
975.8,0,6.4,91.0
976.5,0,5.8,90.0
977.0,0,6.1,86.0
978.4,0,5.7,62.0
980.2,0,4.4,55.0
982.2,0,3.7,54.0
983.8,0,3.6,54.0
985.3,0,2.8,59.0
986.1,0,4.2,51.0
986.6,0,3.9,51.0
987.5,0,3.1,59.0
988.3,0,4.1,50.0
989.0,0,4.1,51.0
989.4,0,5.3,45.0
990.2,0,5.0,47.0
990.8,0,5.2,44.0
991.1,0,5.6,44.0
991.6,0,6.1,39.0
991.8,0,6.0,40.0
992.4,0,5.2,44.0
992.9,0,4.0,45.0
993.4,0,3.7,45.0
993.8,0,1.6,54.0
993.9,0,1.1,55.0
994.3,0,-0.2,61.0
994.7,0,0.1,61.0
995.3,0,-1.0,67.0
995.7,0,-1.9,74.0
996.0,0,-2.9,84.0
996.4,0,-3.2,86.0
997.1,0,-3.4,88.0
997.5,0,-4.1,89.0
997.5,0,-3.7,86.0
997.6,0,-3.3,83.0
998.3,0,-3.3,81.0
998.7,0,-3.4,81.0
998.9,0,-3.3,82.0
999.3,0,-1.8,76.0
999.2,0,-0.6,67.0
999.2,0,0.0,65.0
998.8,0,1.1,62.0
998.2,0,1.4,63.0
997.5,0,0.7,69.0
996.9,0,0.4,73.0
995.9,0,-0.1,78.0
995.2,0,0.0,78.0
994.9,0,-0.2,81.0
994.3,0,0.2,81.0
993.6,1,-0.5,93.0
993.1,1,0.0,94.0
992.4,1,0.2,94.0
991.9,1,0.3,94.0
991.6,1,0.2,95.0
991.5,1,0.0,96.0
991.7,1,-0.6,96.0
992.0,1,-0.4,96.0
992.9,1,-1.0,96.0
993.9,0,-0.8,95.0
995.3,0,-0.8,94.0
996.7,0,-0.9,94.0
998.2,0,-1.0,93.0
999.8,0,-0.7,91.0
1001.5,0,-0.3,87.0
1003.2,0,0.2,83.0
1004.4,0,0.1,81.0
1005.9,0,0.5,73.0
1007.5,0,0.8,72.0
1009.0,0,0.5,66.0
1010.9,0,-0.7,70.0
1012.6,0,-1.9,75.0
1014.1,0,-3.6,87.0
1015.3,0,-4.3,91.0
1016.4,0,-5.0,89.0
1017.6,0,-4.6,87.0
1018.4,0,-4.2,79.0
1018.8,0,-6.0,81.0
1019.0,0,-5.7,90.0
1019.8,0,-6.2,90.0
1019.8,0,-2.5,64.0
1020.6,0,-1.7,62.0
1020.4,0,-1.1,60.0
1020.1,0,-0.8,61.0
1020.0,0,-0.6,60.0
1019.9,0,-1.6,72.0
1019.4,0,-0.3,70.0
1019.0,0,0.9,69.0
1018.1,0,2.4,63.0
1017.2,0,3.5,65.0
1016.0,0,4.5,64.0
1015.2,0,3.9,73.0
1014.6,0,3.5,80.0
1013.7,0,3.7,79.0
1013.7,0,4.8,70.0
1013.8,0,5.2,70.0
1012.6,0,4.6,75.0
1012.4,0,3.9,80.0
1012.1,0,3.9,79.0
1012.1,0,3.8,77.0
1012.3,0,2.9,81.0
1011.8,0,4.5,72.0
1012.1,0,5.1,69.0
1012.6,0,5.5,67.0
1012.8,0,6.2,61.0
1012.7,0,6.0,62.0
1012.8,0,6.2,61.0
1012.8,0,6.9,57.0
1012.5,0,7.1,57.0
1013.5,0,7.4,55.0
1014.0,0,8.3,53.0
1014.6,0,7.0,59.0
1015.3,0,7.6,58.0
1015.8,0,9.5,53.0
1015.8,0,9.3,56.0
1015.8,0,10.5,52.0
1016.5,0,10.4,51.0
1017.4,0,8.2,59.0
1018.1,0,7.2,62.0
1019.0,0,4.1,78.0
1019.9,0,4.0,79.0
1020.4,0,2.7,83.0
1021.0,0,2.1,83.0
1021.5,0,0.9,88.0
1022.1,0,0.5,91.0
1022.7,0,0.0,92.0
1022.9,0,-0.4,93.0
1022.9,0,-0.7,94.0
1023.4,0,-1.3,94.0
1023.6,0,-1.3,95.0
1023.5,0,-1.8,95.0
1023.5,0,-2.1,95.0
1022.9,0,-1.5,96.0
1022.9,0,-1.0,96.0
1022.7,0,-0.5,95.0
1022.6,0,0.3,96.0
1022.4,0,1.4,97.0
1022.1,0,2.0,97.0
1021.7,0,3.4,97.0
1021.4,0,3.4,97.0
1020.9,0,3.3,97.0
1020.5,0,3.3,97.0
1020.0,0,3.2,97.0
1019.5,0,3.1,97.0
1019.6,0,2.7,97.0
1018.9,0,3.3,97.0
1018.9,0,3.9,93.0
1018.6,0,4.1,88.0
1018.1,0,4.3,89.0
1017.9,0,4.5,93.0
1017.6,0,4.3,94.0
1017.0,0,4.0,94.0
1016.2,1,3.5,95.0
1015.4,1,3.6,96.0
1014.8,0,3.4,95.0
1014.0,1,3.7,95.0
1013.6,0,3.9,95.0
1013.0,0,4.1,92.0
1012.5,0,4.4,86.0
1012.2,0,4.6,86.0
1011.9,0,4.6,82.0
1011.4,0,4.4,81.0
1010.9,0,4.3,83.0
1009.8,0,4.2,84.0
1009.1,0,4.2,84.0
1008.9,0,4.2,89.0
1008.0,1,4.0,94.0
1007.3,1,4.1,95.0
1006.9,1,4.4,96.0
1005.9,1,4.7,97.0
1005.3,1,5.2,97.0
1004.6,1,5.5,97.0
1003.9,0,5.2,96.0
1003.5,0,5.2,93.0
1002.5,0,5.1,90.0
1001.5,0,5.4,89.0
1000.4,0,5.2,89.0
998.8,0,5.4,88.0
997.7,0,5.5,86.0
995.4,0,5.3,85.0
993.9,0,5.4,86.0
991.8,0,5.4,87.0
988.7,1,5.1,89.0
986.3,0,5.0,87.0
984.1,1,5.0,91.0
981.6,1,5.3,92.0
978.3,1,5.0,90.0
975.4,1,4.9,91.0
971.9,1,4.9,92.0
968.1,1,5.0,91.0
964.1,1,5.8,95.0
960.9,1,6.4,95.0
958.8,1,7.1,95.0
957.5,1,7.8,92.0
957.2,0,7.8,88.0
956.4,0,7.4,87.0
955.7,0,7.3,86.0
954.5,0,7.3,83.0
953.6,0,7.3,81.0
952.7,0,7.0,81.0
951.5,0,6.7,82.0
951.1,0,6.4,83.0
951.6,0,5.9,82.0
952.4,0,5.4,83.0
953.6,0,5.4,76.0
954.7,0,6.0,66.0
955.8,0,6.8,58.0
957.6,0,6.9,52.0
959.4,0,6.8,52.0
960.8,0,6.7,52.0
961.8,0,6.8,48.0
963.0,0,6.9,47.0
963.7,0,6.6,50.0
964.5,0,5.9,57.0
965.3,0,5.7,58.0
966.2,0,5.7,55.0
966.7,0,4.7,59.0
967.2,0,4.1,60.0
967.5,0,3.8,60.0
967.7,0,3.0,64.0
967.4,0,2.6,68.0
967.4,0,2.4,72.0
967.7,0,2.1,78.0
967.8,0,2.1,79.0
967.5,0,2.2,78.0
967.7,0,2.4,78.0
968.0,0,2.3,76.0
968.3,0,2.4,76.0
968.3,0,2.2,76.0
968.7,0,1.6,76.0
969.2,0,1.2,77.0
969.6,0,2.6,73.0
969.7,0,3.6,66.0
969.9,0,5.1,60.0
969.9,0,6.0,58.0
970.2,0,5.8,59.0
970.6,0,5.2,64.0
971.0,0,4.3,70.0
971.7,0,3.9,73.0
971.8,0,3.2,76.0
972.9,0,3.6,74.0
973.0,0,3.6,76.0
973.1,0,3.4,79.0
972.5,0,3.8,75.0
972.3,0,4.1,75.0
972.2,0,4.0,75.0
972.5,0,3.7,76.0
972.4,0,3.1,78.0
972.3,0,2.7,80.0
972.8,0,2.2,82.0
972.7,0,2.2,81.0
972.9,0,2.6,81.0
973.7,0,2.3,78.0
974.8,0,2.1,77.0
976.3,0,3.1,68.0
977.7,0,3.1,66.0
978.8,0,3.9,58.0
979.8,0,4.8,56.0
980.7,0,5.7,53.0
981.6,0,6.9,47.0
982.7,0,6.8,45.0
983.6,0,6.2,46.0
984.7,0,5.6,40.0
986.0,0,4.8,39.0
986.9,0,3.9,44.0
988.1,0,2.3,53.0
989.0,0,2.5,51.0
989.4,0,2.5,50.0
990.2,0,2.4,50.0
991.2,0,2.2,48.0
992.1,0,2.4,46.0
993.1,0,2.1,48.0
993.7,0,1.2,52.0
994.3,0,1.2,53.0
994.8,0,0.2,56.0
995.2,0,0.0,59.0
995.7,0,-0.3,59.0
996.3,0,-0.9,65.0
997.0,0,0.2,61.0
997.7,0,1.8,56.0
997.9,0,3.0,51.0
998.4,0,4.3,48.0
998.4,0,4.5,46.0
998.6,0,5.1,44.0
998.6,0,5.3,48.0
998.9,0,4.4,48.0
999.4,0,1.4,59.0
999.7,0,-0.2,70.0
1000.6,0,-1.7,78.0
1001.2,0,-1.3,81.0
1001.7,0,-2.0,87.0
1002.5,0,-2.0,88.0
1003.3,0,-2.1,84.0
1004.0,0,-2.3,82.0
1004.7,0,-2.3,85.0
1005.2,0,-2.5,85.0
1005.9,0,-2.7,82.0
1006.6,0,-2.9,86.0
1006.9,0,-3.7,88.0
1007.5,0,-3.7,88.0
1008.5,0,-4.0,90.0
1009.2,0,-4.9,91.0
1010.0,0,-4.1,93.0
1010.7,0,-2.3,87.0
1011.0,0,-0.5,73.0
1011.6,0,1.9,59.0
1011.7,0,2.3,59.0
1011.6,0,2.0,63.0
1011.9,0,1.3,72.0
1011.6,0,1.7,65.0
1011.6,0,1.4,77.0
1011.2,0,1.2,82.0
1010.5,0,1.3,84.0
1009.6,1,3.4,91.0
1009.0,0,4.3,82.0
1008.4,0,4.5,85.0
1007.5,0,4.1,83.0
1006.4,0,4.2,85.0
1005.7,0,4.1,91.0
1004.6,1,4.3,93.0
1004.1,1,4.8,95.0
1002.9,1,5.3,95.0
1002.5,0,5.8,95.0
1002.8,0,5.9,94.0
1002.9,0,5.5,93.0
1003.4,0,5.2,94.0
1003.6,0,5.1,94.0
1003.6,0,5.8,88.0
1003.5,0,6.8,80.0
1004.1,0,7.9,69.0
1003.8,0,7.2,82.0
1003.9,0,6.0,89.0
1003.3,0,6.2,89.0
1002.5,0,6.0,91.0
1000.9,0,5.7,95.0
999.3,0,5.7,96.0
997.3,1,5.8,96.0
995.5,1,5.8,96.0
993.1,1,6.1,95.0
990.8,1,6.6,96.0
988.3,1,6.7,96.0
985.8,1,6.9,95.0
983.5,1,7.0,94.0
980.9,1,7.1,95.0
979.9,1,7.3,96.0
979.0,1,8.2,92.0
979.7,0,8.1,88.0
979.5,0,7.6,87.0
980.1,0,7.4,88.0
978.6,0,7.7,91.0
976.9,1,6.8,92.0
973.8,1,6.8,96.0
971.9,1,8.0,95.0
972.3,1,8.2,91.0
971.3,1,7.7,91.0
971.9,0,7.5,89.0
972.5,1,7.3,82.0
973.7,0,6.8,83.0
975.3,0,6.4,67.0
976.3,0,5.8,72.0
976.5,0,5.4,73.0
976.5,0,5.2,78.0
976.3,0,4.9,77.0
976.5,0,4.8,76.0
976.4,0,4.8,80.0
976.1,0,5.1,84.0
975.7,0,5.0,77.0
975.7,0,5.0,81.0
975.4,0,5.5,82.0
975.7,0,5.7,75.0
976.0,0,5.7,70.0
976.3,0,5.5,71.0
976.6,0,5.3,72.0
976.7,0,5.8,75.0
977.6,0,5.9,75.0
977.6,0,6.4,77.0
978.1,0,6.8,77.0
978.1,0,7.5,74.0
977.8,0,7.7,74.0
978.4,0,7.7,75.0
978.3,0,8.3,73.0
979.1,0,8.4,63.0
979.7,0,7.9,62.0
981.0,0,7.4,65.0
982.6,0,7.1,67.0
983.4,0,6.4,72.0
984.4,0,5.9,77.0
985.3,0,6.6,69.0
986.4,0,5.5,75.0
986.7,0,5.9,73.0
987.4,0,5.8,73.0
987.8,0,5.4,76.0
988.2,0,5.3,74.0
988.2,0,5.1,76.0
988.6,0,4.9,76.0
989.0,0,4.9,77.0
989.1,0,4.8,78.0
989.4,0,4.7,80.0
989.7,0,4.9,78.0
990.4,0,5.0,77.0
990.9,0,5.3,73.0
991.5,0,6.2,69.0
991.4,0,8.1,57.0
992.0,0,8.8,46.0
992.3,0,8.7,47.0
992.7,0,7.0,49.0
992.6,0,6.0,52.0
992.8,0,4.8,63.0
993.5,0,4.9,67.0
993.6,0,4.1,71.0
994.0,0,3.7,74.0
994.3,0,3.1,77.0
994.2,0,2.8,79.0
994.2,0,2.2,81.0
994.2,0,2.1,83.0
994.4,0,0.3,87.0
994.3,0,0.8,88.0
994.2,0,-0.2,91.0
994.3,0,0.8,86.0
994.6,0,0.0,83.0
994.8,0,-0.5,86.0
995.6,0,-1.6,91.0
996.2,0,-0.3,92.0
996.8,0,2.3,73.0
997.2,0,4.4,58.0
997.8,0,6.4,50.0
998.4,0,7.7,44.0
999.0,0,8.2,40.0
999.5,0,8.2,40.0
1000.1,0,7.8,47.0
1000.9,0,5.4,57.0
1001.7,0,5.1,54.0
1002.3,0,2.1,67.0
1002.6,0,0.0,81.0
1003.2,0,-1.1,86.0
1003.8,0,-1.1,88.0
1003.6,0,-2.1,90.0
1004.0,0,-2.3,93.0
1003.7,0,-2.9,93.0
1003.7,0,-3.0,94.0
1003.7,0,0.6,90.0
1003.5,0,0.6,83.0
1003.4,0,0.5,88.0
1003.1,0,0.6,92.0
1002.5,0,0.5,93.0
1001.9,0,2.7,91.0
1001.5,1,3.4,87.0
1000.3,1,3.5,92.0
998.9,1,4.4,94.0
997.5,1,4.8,95.0
995.8,1,4.9,95.0
994.5,1,5.0,94.0
992.4,1,5.2,94.0
990.3,1,5.5,96.0
988.7,1,5.9,96.0
987.9,1,6.5,96.0
986.7,1,6.6,95.0
985.5,1,6.5,95.0
984.7,1,6.4,95.0
983.8,1,6.3,94.0
983.9,1,6.1,94.0
985.1,0,6.0,84.0
987.1,0,4.9,75.0
988.7,0,3.9,68.0
990.0,0,3.7,61.0
991.3,0,2.2,70.0
991.9,0,1.1,77.0
993.0,0,1.6,72.0
993.8,0,-0.2,86.0
994.6,0,0.9,78.0
995.6,0,2.1,78.0
996.3,0,4.2,71.0
996.7,0,4.8,67.0
996.4,0,5.2,66.0
997.1,0,5.5,71.0
996.5,0,6.7,74.0
995.0,0,6.5,83.0
994.4,0,6.4,85.0
993.7,0,6.1,87.0
992.8,0,6.3,87.0
992.7,0,6.7,85.0
991.8,0,6.5,87.0
991.5,0,6.5,87.0
991.2,0,6.5,88.0
990.5,0,6.5,88.0
989.6,0,6.6,90.0
988.5,0,6.7,89.0
987.6,0,6.9,91.0
986.4,0,7.0,90.0
985.5,0,7.0,91.0
983.9,1,6.9,93.0
981.7,1,6.9,93.0
979.1,1,7.0,92.0
975.9,0,7.4,90.0
974.3,0,7.8,85.0
975.6,0,8.3,66.0
976.4,0,8.5,59.0
977.0,0,9.1,50.0
978.9,0,7.3,48.0
979.6,0,5.6,68.0
980.2,0,6.3,51.0
981.3,0,5.6,53.0
981.6,0,4.5,60.0
982.1,0,3.4,69.0
982.8,0,2.9,73.0
982.9,0,2.7,73.0
983.2,0,2.4,76.0
982.3,0,2.5,75.0
982.2,0,3.7,70.0
981.3,0,3.9,74.0
981.3,0,4.5,70.0
982.0,0,4.8,72.0
983.4,0,4.9,71.0
984.2,0,4.9,69.0
985.0,0,4.9,68.0
985.2,0,4.2,73.0
985.8,0,3.4,76.0
986.3,0,3.0,76.0
986.9,0,3.7,75.0
987.0,0,4.8,70.0
987.2,0,5.6,65.0
987.0,0,6.0,65.0
986.9,0,7.2,59.0
986.8,0,7.4,56.0
987.1,0,7.6,52.0
987.6,0,6.5,56.0
988.5,0,6.1,56.0
989.9,0,5.2,45.0
991.5,0,3.7,51.0
993.0,0,3.2,50.0
994.6,0,2.9,46.0
996.2,0,2.7,47.0
997.6,0,1.6,51.0
999.2,0,0.3,60.0
1000.1,0,1.1,51.0
1001.2,0,1.6,49.0
1002.1,0,1.8,49.0
1002.5,0,2.3,47.0
1003.0,0,2.3,45.0
1003.7,0,2.3,44.0
1004.1,0,-0.9,61.0
1005.0,0,-1.0,63.0
1004.9,0,0.8,60.0
1004.8,0,3.0,51.0
1004.4,0,4.4,48.0
1003.7,0,5.4,50.0
1003.1,0,5.2,49.0
1002.2,0,6.1,47.0
1001.5,0,5.7,48.0
1000.4,0,4.9,51.0
999.6,0,3.6,62.0
999.1,0,1.5,73.0
998.5,0,0.5,76.0
998.0,0,-0.1,82.0
997.4,0,-0.6,87.0
996.5,0,-0.9,85.0
995.9,0,-1.1,85.0
995.1,0,-0.4,91.0
994.2,0,0.0,88.0
993.3,0,0.6,85.0
992.4,0,0.7,79.0
991.7,0,0.3,74.0
991.1,0,0.3,70.0
990.3,0,0.4,70.0
989.5,1,0.0,77.0
988.8,1,-0.3,84.0
988.2,0,0.6,76.0
987.7,0,0.7,78.0
987.1,0,1.0,70.0
986.3,0,1.7,65.0
985.6,0,2.0,62.0
985.2,0,2.3,60.0
984.7,0,2.6,57.0
984.5,0,2.5,54.0
984.6,0,2.6,55.0
984.7,0,2.6,56.0
985.0,0,2.3,60.0
985.5,0,1.9,63.0
985.8,0,2.0,58.0
986.3,0,1.5,61.0
986.7,0,1.4,57.0
987.4,0,1.0,59.0
988.0,0,0.4,59.0
988.6,0,-0.1,53.0
989.2,0,-0.7,52.0
989.6,0,-1.1,55.0
990.3,0,-1.5,54.0
990.9,0,-1.8,51.0
991.5,0,-2.1,56.0
992.3,0,-2.2,60.0
993.0,0,-2.0,61.0
993.3,0,-1.0,59.0
993.4,0,-0.7,56.0
993.7,0,-0.1,55.0
993.9,0,0.1,51.0
993.9,0,0.5,48.0
994.1,0,0.6,48.0
994.5,0,0.3,50.0
994.9,0,0.0,52.0
995.3,0,-1.0,56.0
995.9,0,-1.6,58.0
996.3,0,-2.5,64.0
996.6,0,-2.9,64.0
996.7,0,-3.6,67.0
996.9,0,-4.1,69.0
996.7,0,-4.7,73.0
996.8,0,-5.1,76.0
996.8,0,-5.4,76.0
996.7,0,-5.8,78.0
996.3,0,-5.7,79.0
996.3,0,-6.4,82.0
996.3,0,-6.1,84.0
996.3,0,-5.7,82.0
996.4,0,-5.3,82.0
996.2,0,-4.5,79.0
996.2,0,-3.7,72.0
996.1,0,-3.0,70.0
995.9,0,-2.5,64.0
995.9,0,-2.2,65.0
995.5,0,-1.6,61.0
995.4,0,-1.4,61.0
995.4,0,-1.0,61.0
995.4,0,-1.1,61.0
995.5,0,-1.5,63.0
995.8,0,-2.1,68.0
996.1,0,-3.4,75.0
996.3,0,-3.4,79.0
996.7,0,-3.0,75.0
997.0,0,-3.0,74.0
997.2,0,-3.0,73.0
997.7,0,-3.0,74.0
997.6,0,-3.0,76.0
997.6,0,-3.5,78.0
997.6,0,-3.9,80.0
997.9,0,-4.1,82.0
998.1,0,-3.8,82.0
998.3,0,-3.6,83.0
998.2,0,-3.4,84.0
998.5,0,-2.4,80.0
998.5,0,-1.5,77.0
998.8,1,-1.0,87.0
998.5,0,1.8,74.0
998.4,0,3.2,67.0
998.3,0,3.5,69.0
998.3,0,4.2,66.0
998.3,0,3.6,70.0
998.2,0,3.3,72.0
998.0,0,2.8,82.0
997.8,0,2.5,84.0
997.6,0,1.9,83.0
997.6,0,2.0,76.0
997.3,0,1.4,75.0
996.9,0,1.0,73.0
996.8,0,1.6,69.0
996.5,0,0.7,76.0
996.4,1,0.7,78.0
995.9,1,-0.1,89.0
995.6,0,-0.7,93.0
995.1,1,-0.5,95.0
994.4,0,-0.5,95.0
994.1,0,0.0,96.0
993.7,1,0.2,96.0
993.6,1,0.2,95.0
992.6,1,0.2,95.0
991.7,1,0.3,94.0
991.1,0,0.6,94.0
990.1,1,0.9,93.0
989.3,1,1.5,94.0
988.3,1,1.0,94.0
987.4,1,0.4,95.0
986.1,1,0.5,96.0
984.6,1,0.5,96.0
983.7,1,0.6,95.0
982.0,1,0.6,96.0
980.6,1,0.6,96.0
979.2,1,0.3,96.0
977.7,1,0.4,96.0
975.8,1,0.3,96.0
974.6,1,0.3,97.0
973.5,1,0.3,97.0
972.1,1,0.8,97.0
972.1,1,2.0,88.0
973.7,0,0.9,90.0
974.6,0,0.6,92.0
975.0,1,0.5,93.0
974.9,1,0.8,95.0
974.8,1,0.7,95.0
974.4,1,0.9,96.0
974.0,1,2.6,94.0
974.2,1,2.1,93.0
975.0,1,2.9,92.0
975.6,1,2.2,92.0
976.0,1,2.6,92.0
976.2,0,4.6,90.0
976.4,0,4.6,85.0
976.4,0,4.6,85.0
976.9,1,3.5,90.0
976.7,1,3.5,93.0
976.6,1,4.0,92.0
976.9,1,4.5,91.0
977.3,1,4.6,89.0
977.8,0,4.3,88.0
978.5,0,4.5,83.0
978.9,0,4.9,83.0
979.3,0,5.1,82.0
979.8,0,4.9,83.0
980.5,0,5.1,83.0
981.0,0,4.8,85.0
981.7,0,4.7,85.0
982.7,0,4.3,87.0
983.5,0,5.0,84.0
984.2,0,5.0,85.0
985.2,1,3.8,90.0
986.2,1,3.1,90.0
986.8,1,3.1,89.0
987.1,1,3.7,87.0
987.5,0,4.8,89.0
988.0,0,4.0,83.0
988.7,1,3.7,85.0
989.6,1,2.7,87.0
990.4,1,1.8,93.0
991.1,0,1.5,94.0
991.8,0,1.6,95.0
992.6,1,1.5,95.0
993.4,0,1.3,96.0
993.9,0,1.2,96.0
994.5,0,1.2,97.0
995.1,0,1.3,97.0
995.4,0,1.8,97.0
995.7,0,1.8,97.0
996.1,0,1.8,97.0
997.0,0,1.7,96.0
997.4,0,2.0,95.0
998.3,0,1.8,93.0
999.0,0,2.4,92.0
999.4,1,2.5,89.0
999.8,1,2.6,89.0
999.8,0,3.0,87.0
999.8,0,3.2,86.0
999.7,0,3.0,90.0
999.7,1,3.1,93.0
1000.1,1,3.0,93.0
1000.3,1,2.7,92.0
1000.9,1,2.0,93.0
1001.3,1,0.8,95.0
1001.6,1,0.8,96.0
1001.8,1,1.0,96.0
1001.9,1,1.1,96.0
1002.0,1,0.9,96.0
1001.8,1,0.6,96.0
1001.9,1,0.6,96.0
1001.9,1,0.6,96.0
1001.5,1,0.6,96.0
1001.4,1,0.3,96.0
1001.3,1,0.3,96.0
1001.0,1,0.3,97.0
1001.1,1,0.4,97.0
1001.2,1,0.4,97.0
1001.2,1,0.4,97.0
1001.0,1,0.5,96.0
1000.8,1,0.6,96.0
1000.7,1,1.0,95.0
1000.6,1,1.1,94.0
1000.2,1,1.6,93.0
1000.1,0,2.0,90.0
999.9,0,2.1,88.0
999.6,0,1.8,88.0
999.6,0,1.5,91.0
999.8,0,1.0,93.0
999.8,0,0.7,94.0
999.6,0,0.4,95.0
999.6,0,0.3,95.0
999.4,0,0.2,96.0
999.0,0,-0.8,96.0
999.0,0,-1.6,96.0
998.8,0,-2.1,96.0
998.4,0,-2.3,97.0
998.2,0,-3.1,96.0
998.0,0,-3.1,96.0
997.9,0,-3.4,96.0
997.8,0,-3.5,96.0
998.1,0,-3.5,96.0
998.2,0,-1.9,96.0
998.3,0,-0.6,94.0
998.4,0,1.3,89.0
998.3,0,3.5,69.0
998.2,0,4.6,64.0
998.0,0,5.2,60.0
997.8,0,5.0,65.0
997.6,0,3.7,77.0
997.5,0,2.7,68.0
997.7,0,0.9,83.0
997.9,0,-0.5,91.0
998.2,0,-1.4,94.0
998.4,0,-1.7,95.0
998.8,0,-2.6,95.0
999.1,0,-2.6,96.0
999.2,0,-2.5,96.0
999.3,0,-2.7,96.0
999.2,0,-2.1,96.0
999.2,0,-1.9,97.0
999.4,0,-3.1,96.0
999.8,0,-2.6,97.0
1000.1,0,-2.5,97.0
1000.8,0,-2.3,97.0
1001.4,0,-3.0,96.0
1001.9,0,-2.5,96.0
1002.3,0,-2.1,96.0
1002.6,0,-2.0,96.0
1003.3,0,-1.4,97.0
1003.1,0,-1.0,96.0
1003.0,0,-0.3,96.0
1002.9,0,0.3,95.0
1003.2,0,0.5,93.0
1003.5,0,0.1,93.0
1004.1,0,-0.1,94.0
1004.8,0,-0.2,94.0
1005.3,0,-0.5,94.0
1005.7,0,-0.7,94.0
1006.1,0,-0.7,94.0
1006.2,0,-1.0,94.0
1006.4,0,-1.3,94.0
1006.6,0,-1.5,94.0
1006.8,0,-1.9,95.0
1006.8,0,-2.1,96.0
1006.9,0,-2.3,96.0
1007.3,0,-2.3,96.0
1007.5,0,-2.2,96.0
1007.6,0,-1.9,96.0
1008.2,0,-2.0,95.0
1008.7,0,-1.9,93.0
1008.7,0,-1.7,92.0
1009.0,0,-1.2,90.0
1009.0,0,-0.7,88.0
1008.9,0,0.3,84.0
1008.7,0,0.2,84.0
1008.6,0,-0.1,87.0
1008.5,0,-0.9,89.0
1008.0,0,-0.1,90.0
1008.0,0,0.6,89.0
1008.0,0,1.4,87.0
1007.1,0,1.5,89.0
1006.6,0,1.5,92.0
1005.6,1,2.3,94.0
1004.5,1,3.4,94.0
1003.7,1,3.5,91.0
1002.4,1,3.8,92.0
1001.3,1,3.8,93.0
1000.2,1,3.9,95.0
999.3,1,4.4,95.0
998.2,1,4.9,96.0
997.2,1,5.3,96.0
996.6,1,5.7,96.0
996.0,1,5.7,96.0
995.7,1,5.7,96.0
995.1,1,5.8,96.0
994.5,1,5.8,96.0
994.1,1,5.9,96.0
993.3,1,5.9,96.0
992.7,1,6.1,96.0
992.2,1,6.2,96.0
991.8,1,6.4,96.0
991.5,1,6.5,96.0
991.6,1,6.6,96.0
991.8,1,6.6,95.0
992.5,0,6.5,92.0
993.4,0,6.2,94.0
993.8,0,6.2,92.0
994.7,0,5.8,91.0
995.6,0,5.2,90.0
996.2,0,4.9,89.0
996.8,0,4.7,88.0
997.2,0,4.4,87.0
998.0,0,4.0,92.0
998.5,0,3.9,96.0
999.0,0,4.3,96.0
999.6,0,4.6,96.0
1000.2,0,5.0,94.0
1000.8,0,5.6,91.0
1001.2,0,6.1,89.0
1001.5,0,6.8,81.0
1001.6,0,6.9,84.0
1001.7,0,7.0,86.0
1001.4,0,6.7,88.0
1001.4,0,7.2,83.0
1001.3,0,6.1,93.0
1001.3,0,5.5,94.0
1001.3,0,4.8,95.0
1001.1,0,4.3,96.0
1000.8,0,4.0,95.0
1000.3,1,4.1,96.0
1000.1,0,4.4,97.0
999.7,0,4.3,95.0
999.2,0,3.9,95.0
998.7,0,3.7,94.0
998.2,0,3.6,95.0
997.7,0,4.0,95.0
996.8,0,4.0,95.0
996.1,0,4.2,96.0
995.6,1,3.7,92.0
994.8,0,3.4,90.0
994.3,0,3.8,92.0
993.4,1,4.6,91.0
992.5,1,4.9,90.0
991.4,1,4.9,91.0
990.3,1,5.0,94.0
989.5,1,4.9,93.0
987.9,1,4.9,92.0
986.6,1,4.7,93.0
985.3,1,4.5,92.0
984.1,1,4.3,94.0
983.2,1,4.1,94.0
982.2,1,3.6,95.0
981.5,1,3.5,95.0
980.9,1,3.6,95.0
980.8,1,3.5,96.0
981.1,1,3.4,96.0
981.2,1,3.3,97.0
981.5,0,3.1,97.0
982.0,0,2.5,96.0
982.3,0,2.3,96.0
982.3,0,2.3,96.0
982.6,0,2.4,95.0
983.1,0,2.7,90.0
983.8,0,2.8,88.0
984.4,0,3.4,83.0
985.4,0,4.0,81.0
986.3,0,5.8,73.0
987.4,0,7.6,56.0
987.9,0,8.6,51.0
988.9,0,9.2,47.0
989.2,0,9.8,43.0
989.8,0,9.9,43.0
989.8,0,9.0,46.0
989.3,0,8.7,47.0
988.7,0,7.0,59.0
988.4,0,5.8,80.0
987.6,0,5.4,83.0
986.9,0,5.6,86.0
986.6,0,5.8,85.0
986.3,0,5.0,81.0
986.2,0,4.3,81.0
985.9,0,3.5,81.0
984.9,0,3.3,81.0
984.3,0,2.7,81.0
982.5,0,2.6,86.0
981.2,0,2.4,91.0
980.2,0,1.4,93.0
978.3,0,1.4,94.0
976.8,0,1.3,94.0
976.5,0,1.6,92.0
976.3,0,1.9,87.0
977.1,0,2.5,77.0
978.4,0,3.6,72.0
979.5,0,6.2,52.0
980.5,0,6.9,54.0
981.4,0,7.7,40.0
982.2,0,7.0,42.0
982.9,0,6.4,45.0
983.5,0,6.3,42.0
984.2,0,4.8,51.0
984.7,0,4.4,55.0
984.9,0,4.3,60.0
985.6,0,3.6,67.0
986.2,0,3.4,73.0
987.1,0,2.9,76.0
987.8,0,2.8,73.0
988.3,0,2.2,76.0
988.8,0,1.4,79.0
989.4,0,0.7,84.0
990.7,0,1.5,78.0
991.7,0,3.2,59.0
993.2,0,3.1,52.0
995.4,0,0.9,83.0
997.4,1,-0.2,93.0
999.0,1,-0.5,91.0
1000.1,0,0.6,78.0
1001.2,0,1.5,68.0
1002.0,0,3.2,37.0
1003.2,0,3.7,29.0
1004.2,0,4.0,27.0
1005.6,0,3.5,28.0
1006.6,0,3.3,29.0
1008.1,0,2.2,32.0
1009.4,0,1.2,37.0
1010.9,0,0.0,40.0
1012.1,0,-0.3,40.0
1013.3,0,-1.2,46.0
1014.2,0,-1.3,47.0
1015.1,0,-3.5,55.0
1015.5,0,-2.8,64.0
1016.3,0,-3.4,54.0
1016.6,0,-4.3,65.0
1016.7,0,-5.0,69.0
1017.3,0,-5.1,72.0
1017.9,0,-5.4,76.0
1018.1,0,-6.1,80.0
1018.4,0,-4.8,80.0
1018.7,0,-2.4,65.0
1018.6,0,0.0,50.0
1018.4,0,1.8,52.0
1018.2,0,2.8,49.0
1018.0,0,3.3,43.0
1017.5,0,3.4,48.0
1016.6,0,4.0,48.0
1015.9,0,3.9,53.0
1015.2,0,3.4,51.0
1015.0,0,2.5,55.0
1014.7,0,2.3,56.0
1014.0,0,2.4,59.0
1012.9,0,3.1,64.0
1011.9,0,3.4,74.0
1011.0,0,4.0,77.0
1010.3,0,3.8,75.0
1009.0,0,3.9,78.0
1007.5,1,3.6,85.0
1006.2,1,4.0,84.0
1004.7,1,4.3,85.0
1003.3,1,4.5,83.0
1002.3,0,4.8,83.0
1000.9,1,4.6,89.0
999.9,1,4.6,92.0
998.8,1,4.8,92.0
998.0,1,5.2,93.0
997.4,1,5.4,94.0
996.7,1,5.6,95.0
995.8,1,6.0,95.0
995.6,1,6.7,93.0
995.4,1,6.7,93.0
995.4,1,6.7,93.0
995.4,1,6.6,93.0
995.9,1,6.5,93.0
996.5,1,6.3,93.0
997.1,1,6.1,93.0
997.6,0,6.1,92.0
997.8,0,6.2,93.0
998.2,0,6.1,92.0
998.9,0,5.6,93.0
999.1,0,5.4,94.0
999.4,0,4.8,93.0
999.6,0,5.2,95.0
1000.2,0,4.8,95.0
1001.4,0,3.7,95.0
1002.8,0,3.4,96.0
1004.4,0,3.6,90.0
1006.2,0,3.5,78.0
1008.1,0,4.0,70.0
1009.6,0,4.7,61.0
1010.7,0,4.7,60.0
1011.4,0,5.5,58.0
1012.2,0,6.0,54.0
1012.1,0,6.2,52.0
1012.6,0,7.0,54.0
1013.2,0,6.5,61.0
1012.9,0,6.3,64.0
1012.9,0,5.8,70.0
1013.4,0,5.2,76.0
1013.3,0,5.2,70.0
1013.2,0,4.3,76.0
1012.9,0,4.1,82.0
1012.4,0,4.3,86.0
1012.2,0,3.8,75.0
1012.0,0,3.4,75.0
1011.3,0,3.8,76.0
1010.5,0,4.8,83.0
1009.7,0,5.4,85.0
1009.4,0,5.6,86.0
1008.9,0,5.7,85.0
1008.7,0,5.8,86.0
1008.5,0,6.0,87.0
1008.3,0,6.7,86.0
1008.4,0,7.9,81.0
1008.7,0,8.8,78.0
1009.0,0,8.7,77.0
1008.7,0,10.4,69.0
1008.7,0,10.8,62.0
1008.6,0,11.1,60.0
1008.5,0,9.0,70.0
1008.8,0,9.9,62.0
1008.9,0,8.0,72.0
1009.4,0,7.3,71.0
1009.1,0,6.2,80.0
1009.3,0,6.3,79.0
1009.0,0,5.9,82.0
1009.1,0,5.7,84.0
1009.1,0,5.8,83.0
1008.0,0,5.7,80.0
1007.0,0,5.7,83.0
1005.9,1,5.7,87.0
1005.0,1,5.2,91.0
1004.2,0,4.7,91.0
1003.1,0,4.4,92.0
1002.4,0,3.7,94.0
1002.6,0,3.9,93.0
1003.3,0,5.5,85.0
1003.6,0,6.7,71.0
1004.5,0,8.9,53.0
1005.3,0,10.6,45.0
1006.2,0,10.2,35.0
1007.0,0,10.0,34.0
1007.7,0,9.6,35.0
1008.0,0,9.5,35.0
1008.1,0,8.7,38.0
1008.7,0,7.5,41.0
1009.1,0,6.3,43.0
1010.1,0,5.9,45.0
1010.4,0,4.6,53.0
1010.5,0,3.8,56.0
1010.7,0,3.7,55.0
1011.2,0,2.4,62.0
1011.5,0,1.0,73.0
1012.0,0,1.7,67.0
1012.4,0,0.3,76.0
1012.9,0,0.6,76.0
1013.3,0,0.3,80.0
1013.7,0,0.0,83.0
1014.1,0,0.4,80.0
1014.7,0,2.3,73.0
1015.4,0,4.4,67.0
1015.8,0,6.3,59.0
1016.1,0,7.8,59.0
1016.0,0,8.7,52.0
1015.9,0,9.3,54.0
1015.6,0,9.4,58.0
1015.0,0,9.8,56.0
1014.6,0,9.6,56.0
1014.5,0,8.6,64.0
1014.6,0,7.2,69.0
1015.0,0,4.9,83.0
1015.8,0,3.2,85.0
1016.4,0,2.4,90.0
1017.5,0,3.3,84.0
1018.4,0,2.9,82.0
1019.4,0,3.2,71.0
1020.5,0,3.3,61.0
1021.7,0,3.0,58.0
1022.4,0,2.3,62.0
1023.3,0,1.9,64.0
1024.4,0,1.8,58.0
1025.2,0,-0.5,72.0
1026.2,0,-0.4,70.0
1026.8,0,1.6,57.0
1027.7,0,2.7,50.0
1028.3,0,3.7,43.0
1028.7,0,4.5,41.0
1028.8,0,5.1,36.0
1028.9,0,5.9,38.0
1028.8,0,6.8,31.0
1028.9,0,6.8,32.0
1029.0,0,7.0,28.0
1029.1,0,6.8,31.0
1029.6,0,6.0,33.0
1030.0,0,1.9,53.0
1030.3,0,0.5,60.0
1030.8,0,-1.1,74.0
1031.6,0,-0.3,68.0
1032.1,0,-1.6,79.0
1032.3,0,-0.9,60.0
1032.6,0,-0.9,59.0
1032.8,0,-0.7,61.0
1033.4,0,0.0,55.0
1033.9,0,0.1,54.0
1034.4,0,-1.1,63.0
1035.0,0,-1.6,65.0
1035.5,0,-2.1,68.0
1036.0,0,0.0,61.0
1036.1,0,1.9,55.0
1036.3,0,3.3,44.0
1036.4,0,3.9,37.0
1036.2,0,4.7,37.0
1035.8,0,5.7,37.0
1035.5,0,5.9,33.0
1035.1,0,6.1,34.0
1034.7,0,5.8,34.0
1034.7,0,5.8,36.0
1034.6,0,4.8,37.0
1034.8,0,2.3,49.0
1034.9,0,0.2,62.0
1035.2,0,-0.8,69.0
1035.4,0,-1.8,74.0
1035.4,0,-2.1,79.0
1035.5,0,-2.4,88.0
1035.5,0,-3.2,89.0
1035.8,0,-3.9,90.0
1035.9,0,-3.6,89.0
1036.0,0,-4.2,92.0
1036.1,0,-4.6,91.0
1036.3,0,-4.9,93.0
1036.2,0,-5.4,92.0
1036.2,0,-2.4,92.0
1036.2,0,0.9,80.0
1036.3,0,3.6,61.0
1036.2,0,4.9,50.0
1036.3,0,5.9,46.0
1036.2,0,5.2,44.0
1035.8,0,4.5,51.0
1035.6,0,4.3,54.0
1035.1,0,4.1,67.0
1035.0,0,3.6,62.0
1035.0,0,3.3,64.0
1034.9,0,3.3,64.0
1034.9,0,3.2,65.0
1034.5,0,3.2,74.0
1034.1,0,3.4,75.0
1034.0,0,2.7,71.0
1033.8,0,2.9,72.0
1033.7,0,2.7,75.0
1033.6,0,2.8,78.0
1033.2,0,3.1,68.0
1033.1,0,3.3,67.0
1033.1,0,3.4,69.0
1032.8,0,3.3,68.0
1032.6,0,3.3,69.0
1032.5,0,3.3,62.0
1032.6,0,3.4,64.0
1032.8,0,3.9,64.0
1032.4,0,4.1,62.0
1032.2,0,4.1,68.0
1031.8,0,4.1,73.0
1031.7,0,4.4,71.0
1031.3,0,4.5,72.0
1030.8,0,4.2,74.0
1029.8,0,4.3,70.0
1029.5,0,3.9,66.0
1029.1,0,3.8,68.0
1028.8,0,3.6,67.0
1028.4,0,3.3,69.0
1028.0,0,3.3,72.0
1027.6,0,3.3,70.0
1027.9,0,3.2,69.0
1027.8,0,2.6,72.0
1027.4,0,2.3,75.0
1026.4,0,2.8,77.0
1026.6,0,3.6,75.0
1026.2,0,3.8,76.0
1025.9,0,4.0,79.0
1025.8,0,4.1,79.0
1025.8,0,4.3,80.0
1025.8,0,4.6,80.0
1026.0,0,4.8,79.0
1025.9,0,5.2,77.0
1025.7,0,5.2,77.0
1025.8,0,5.6,76.0
1025.2,0,5.6,74.0
1024.9,0,5.7,72.0
1024.5,0,5.7,71.0
1024.4,0,5.1,70.0
1024.4,0,5.2,69.0
1024.1,0,5.5,66.0
1024.1,0,5.3,68.0
1023.4,0,5.2,69.0
1023.7,0,5.2,68.0
1023.3,0,5.2,71.0
1022.9,0,5.0,74.0
1022.4,0,5.0,76.0
1021.9,0,4.9,75.0
1021.8,0,4.7,74.0
1021.3,0,4.9,73.0
1021.0,0,5.0,73.0
1021.0,0,5.0,80.0
1021.1,0,5.2,81.0
1021.2,0,5.6,79.0
1021.3,0,6.7,74.0
1021.5,0,7.3,71.0
1021.6,0,8.0,69.0
1022.0,0,8.2,68.0
1022.0,0,8.3,68.0
1022.2,0,8.1,70.0
1022.2,0,7.9,72.0
1022.2,0,7.6,74.0
1021.9,0,7.0,77.0
1022.2,0,6.5,79.0
1022.3,0,6.1,83.0
1022.5,0,5.8,84.0
1023.0,0,5.5,86.0
1023.1,0,5.2,87.0
1023.3,0,5.3,87.0
1023.3,0,5.1,87.0
1023.3,0,4.8,89.0
1023.4,0,4.7,89.0
1023.7,0,4.4,89.0
1023.9,0,4.4,89.0
1024.1,0,4.1,89.0
1024.2,0,3.8,90.0
1024.6,0,4.0,90.0
1025.0,0,4.9,86.0
1025.4,0,6.2,82.0
1025.2,0,7.5,73.0
1025.2,0,8.8,66.0
1025.5,0,9.2,64.0
1025.7,0,8.1,61.0
1025.8,0,8.9,55.0
1025.8,0,7.2,68.0
1025.9,0,7.2,67.0
1025.8,0,5.8,77.0
1025.7,0,5.5,76.0
1025.8,0,5.2,81.0
1025.7,0,5.2,86.0
1025.9,0,5.1,86.0
1025.9,0,4.8,88.0
1026.1,0,4.2,89.0
1026.2,0,3.6,90.0
1026.0,0,2.8,92.0
1025.8,0,2.5,94.0
1025.6,0,2.0,95.0
1025.4,0,1.8,95.0
1025.1,0,2.9,95.0
1024.9,0,3.2,94.0
1024.9,0,2.5,94.0
1024.9,0,4.0,94.0
1024.8,0,5.4,79.0
1024.6,0,6.2,71.0
1024.7,0,7.1,67.0
1024.5,0,6.9,71.0
1024.2,0,8.4,60.0
1023.6,0,7.8,60.0
1023.3,0,7.0,64.0
1022.9,0,7.0,65.0
1022.6,0,6.8,71.0
1022.1,0,5.6,79.0
1022.6,0,4.1,87.0
1022.8,0,4.2,88.0
1022.7,0,2.5,92.0
1022.6,0,1.3,94.0
1022.2,0,0.4,95.0
1022.0,0,-0.2,96.0
1021.7,0,-1.2,95.0
1021.3,0,-1.7,96.0
1021.1,0,-1.8,96.0
1020.9,0,-1.2,96.0
1020.6,0,-1.7,96.0
1020.6,0,-1.5,96.0
1020.7,0,0.3,93.0
1021.0,0,5.1,56.0
1021.6,0,5.4,55.0
1021.8,0,6.3,45.0
1021.7,0,6.5,39.0
1021.7,0,7.7,30.0
1022.0,0,7.7,27.0
1021.7,0,8.0,29.0
1022.0,0,8.2,31.0
1022.3,0,7.1,33.0
1022.9,0,7.0,27.0
1023.9,0,5.6,32.0
1025.3,0,4.3,34.0
1026.9,0,3.3,30.0
1028.4,0,2.5,32.0
1029.7,0,1.8,30.0
1030.5,0,0.9,37.0
1031.3,0,0.6,36.0
1031.9,0,-0.2,40.0
1032.3,0,-1.2,47.0
1032.6,0,-1.5,47.0
1032.6,0,-1.7,47.0
1032.5,0,-2.2,48.0
1032.9,0,-2.3,49.0
1033.0,0,-1.8,42.0
1032.7,0,-0.5,39.0
1032.7,0,1.3,34.0
1032.2,0,3.1,26.0
1031.4,0,4.3,23.0
1030.5,0,5.3,26.0
1029.6,0,5.2,28.0
1028.6,0,5.0,30.0
1027.1,0,5.4,31.0
1026.3,0,5.4,35.0
1025.3,0,5.5,37.0
1024.2,0,5.5,38.0
1023.4,0,5.0,39.0
1022.8,0,3.9,43.0
1022.2,0,3.3,46.0
1022.1,0,3.8,46.0
1021.9,0,3.1,51.0
1021.5,0,1.6,63.0
1021.6,0,1.6,61.0
1022.2,0,1.1,61.0
1022.6,0,2.1,61.0
1023.1,0,1.5,64.0
1023.9,0,1.1,58.0
1024.6,0,0.3,58.0
1025.5,0,1.0,54.0
1026.3,0,2.3,49.0
1026.7,0,3.1,42.0
1026.8,0,3.7,36.0
1026.8,0,4.3,34.0
1026.6,0,4.4,34.0
1026.5,0,5.8,33.0
1026.4,0,5.6,29.0
1026.3,0,5.9,29.0
1026.1,0,5.9,29.0
1026.2,0,6.0,29.0
1026.3,0,5.2,31.0
1026.7,0,3.3,40.0
1027.2,0,0.5,53.0
1027.7,0,-0.3,57.0
1028.0,0,-1.4,64.0
1028.2,0,-2.1,70.0
1027.6,0,-2.6,75.0
1027.0,0,-2.9,78.0
1026.7,0,-2.9,82.0
1026.4,0,-2.1,82.0
1025.5,0,-0.7,81.0
1024.5,0,-1.0,76.0
1023.9,0,-1.3,70.0
1023.0,0,0.7,55.0
1022.2,0,2.5,49.0
1021.2,0,4.7,41.0
1020.1,0,7.0,40.0
1018.9,0,8.4,38.0
1017.4,0,10.4,38.0
1016.2,0,11.0,36.0
1015.2,0,11.7,42.0
1014.1,0,12.8,33.0
1013.5,0,12.7,32.0
1012.9,0,11.7,35.0
1012.3,0,10.9,35.0
1011.7,0,9.6,40.0
1011.1,0,9.0,41.0
1010.5,0,8.2,44.0
1010.1,0,5.1,57.0
1009.8,0,4.0,62.0
1009.3,0,2.3,70.0
1008.6,0,1.8,71.0
1007.8,0,4.5,59.0
1007.2,0,5.0,57.0
1006.7,0,3.8,61.0
1006.0,0,5.2,55.0
1005.4,0,4.1,61.0
1005.0,0,3.9,65.0
1004.3,0,4.7,64.0
1003.9,0,6.6,58.0
1003.2,0,8.8,49.0
1002.5,0,10.1,44.0
1001.7,0,9.6,45.0
1000.9,0,9.9,46.0
1000.1,0,9.8,47.0
999.1,0,10.1,46.0
997.9,0,10.4,42.0
997.0,0,11.1,42.0
996.4,0,9.6,49.0
995.7,0,7.8,58.0
995.4,0,7.9,56.0
995.6,0,6.8,61.0
995.7,0,6.3,56.0
995.4,0,6.0,53.0
995.4,0,6.1,52.0
995.2,0,3.1,67.0
994.6,0,3.4,66.0
993.7,0,3.3,69.0
992.7,0,3.5,67.0
991.8,0,3.1,67.0
990.4,0,3.4,65.0
989.0,0,4.3,67.0
986.5,0,5.4,67.0
984.1,0,6.2,62.0
981.9,0,7.7,56.0
980.2,0,8.8,53.0
979.1,0,8.8,51.0
978.7,0,6.2,62.0
979.1,0,4.4,64.0
978.9,0,6.0,40.0
978.5,0,5.4,37.0
977.1,0,5.0,47.0
976.6,1,3.8,66.0
978.1,0,4.2,54.0
978.9,0,4.0,44.0
978.9,0,4.0,48.0
979.8,0,3.7,50.0
981.4,0,3.9,44.0
982.9,0,3.8,41.0
984.6,0,3.6,39.0
985.9,0,3.0,41.0
986.9,0,2.2,44.0
987.9,0,2.6,44.0
988.9,0,1.9,47.0
990.2,0,-0.5,56.0
991.5,0,2.0,49.0
992.5,0,4.2,35.0
993.5,0,5.1,32.0
994.7,0,5.0,33.0
995.5,0,6.4,27.0
996.2,0,7.0,23.0
997.1,0,7.6,22.0
998.0,0,6.9,25.0
998.9,0,7.2,24.0
999.6,0,7.2,25.0
1000.7,0,7.2,24.0
1001.9,0,6.0,26.0
1003.1,0,4.6,29.0
1004.2,0,3.4,32.0
1004.9,0,1.2,39.0
1005.8,0,1.4,40.0
1006.4,0,-0.2,51.0
1007.2,0,0.7,48.0
1007.8,0,0.2,51.0
1008.4,0,0.5,50.0
1008.9,0,0.0,53.0
1009.6,0,-1.0,58.0
1010.2,0,-1.7,62.0
1011.0,0,-1.6,63.0
1011.7,0,0.5,55.0
1012.8,0,1.8,50.0
1013.8,0,3.3,45.0
1014.8,0,3.9,44.0
1015.5,0,4.2,46.0
1015.8,0,4.8,42.0
1016.3,0,5.4,38.0
1016.7,0,6.2,37.0
1017.1,0,6.5,47.0
1017.3,0,6.6,51.0
1017.5,0,6.2,56.0
1018.1,0,5.4,60.0
1018.7,0,4.5,70.0
1019.5,0,3.6,76.0
1019.7,0,3.4,85.0
1020.2,0,3.5,88.0
1020.7,0,3.5,90.0
1021.4,0,3.5,90.0
1021.3,0,3.5,90.0
1021.9,0,3.5,91.0
1021.9,0,3.3,91.0
1022.1,0,3.2,91.0
1022.3,0,3.1,92.0
1022.7,1,3.4,93.0
1022.8,1,4.4,95.0
1023.4,1,5.6,96.0
1023.8,0,5.8,97.0
1024.1,0,6.1,96.0
1024.5,0,6.4,95.0
1024.4,0,6.4,95.0
1024.3,0,7.6,88.0
1024.0,0,8.5,80.0
1023.8,0,8.8,76.0
1023.3,0,8.5,72.0
1023.1,0,7.9,74.0
1022.7,0,7.4,78.0
1022.7,0,6.2,80.0
1022.8,0,5.1,84.0
1022.4,0,4.3,90.0
1022.1,0,2.6,92.0
1021.8,0,2.4,94.0
1021.7,0,1.6,94.0
1021.6,0,1.2,96.0
1021.1,0,0.7,96.0
1020.8,0,0.3,96.0
1020.4,0,0.1,97.0
1020.0,0,-0.5,97.0
1019.8,0,-0.7,97.0
1019.8,0,-0.2,97.0
1019.6,0,1.4,97.0
1019.3,0,6.6,89.0
1019.3,0,8.7,65.0
1019.0,0,9.2,61.0
1018.5,0,9.6,58.0
1018.2,0,9.9,58.0
1017.8,0,10.0,57.0
1017.3,0,10.1,60.0
1016.5,0,9.7,63.0
1016.0,0,9.3,65.0
1015.6,0,8.7,67.0
1015.5,0,7.1,73.0
1014.9,0,5.7,81.0
1014.6,0,4.9,87.0
1014.4,0,4.8,87.0
1013.9,0,5.4,87.0
1013.8,0,5.5,90.0
1013.9,1,5.5,93.0
1013.6,0,5.8,94.0
1013.9,0,5.8,94.0
1014.5,0,5.2,93.0
1014.9,0,6.1,87.0
1015.8,0,6.1,80.0
1016.8,0,8.2,67.0
1018.0,0,9.7,55.0
1019.0,0,11.0,44.0
1020.3,0,11.9,33.0
1021.2,0,12.8,31.0
1022.3,0,13.7,31.0
1023.0,0,13.8,27.0
1023.8,0,14.0,27.0
1024.1,0,14.6,26.0
1024.3,0,14.9,24.0
1024.6,0,14.5,23.0
1024.5,0,13.9,25.0
1024.7,0,10.7,41.0
1025.2,0,10.1,41.0
1025.4,0,9.3,44.0
1024.9,0,6.7,55.0
1024.9,0,7.0,54.0
1025.0,0,5.9,61.0
1024.9,0,7.2,56.0
1024.6,0,5.0,65.0
1024.1,0,5.4,66.0
1023.4,0,5.0,72.0
1022.7,0,5.0,79.0
1022.3,0,4.9,83.0
1022.0,0,5.4,87.0
1021.5,0,6.3,84.0
1021.0,0,7.1,82.0
1020.5,0,8.0,71.0
1019.5,0,9.9,61.0
1018.1,0,10.1,60.0
1017.4,0,8.8,67.0
1016.5,0,9.2,68.0
1015.3,0,9.7,69.0
1014.1,0,10.0,68.0
1013.1,0,9.9,70.0
1012.1,0,10.5,69.0
1011.8,0,8.8,74.0
1011.7,0,9.1,66.0
1011.7,0,7.6,71.0
1011.7,0,6.6,75.0
1012.0,0,5.9,76.0
1013.2,0,7.1,49.0
1013.3,0,6.0,45.0
1013.4,0,5.6,42.0
1013.9,0,5.0,46.0
1014.0,0,1.8,59.0
1014.4,0,1.1,62.0
1015.0,0,1.1,64.0
1015.6,0,5.1,49.0
1016.1,0,6.6,42.0
1016.7,0,7.9,36.0
1017.3,0,8.8,33.0
1017.6,0,10.2,28.0
1017.6,0,10.9,29.0
1018.0,0,10.5,27.0
1018.4,0,11.2,26.0
1018.5,0,11.3,26.0
1018.5,0,11.0,27.0
1018.9,0,10.4,28.0
1019.2,0,9.7,32.0
1020.0,0,8.2,34.0
1021.0,0,6.8,37.0
1021.5,0,5.4,42.0
1021.9,0,4.6,44.0
1022.3,0,3.3,51.0
1022.5,0,2.9,49.0
1022.5,0,2.8,49.0
1022.6,0,2.3,51.0
1022.6,0,1.7,53.0
1022.5,0,1.0,57.0
1022.6,0,0.7,58.0
1022.9,0,0.7,62.0
1022.8,0,1.6,60.0
1022.9,0,3.3,52.0
1022.7,0,5.8,42.0
1022.8,0,7.4,31.0
1022.7,0,8.1,31.0
1022.3,0,8.8,30.0
1022.0,0,9.4,30.0
1021.7,0,10.2,30.0
1021.4,0,10.2,31.0
1021.2,0,9.5,32.0
1021.1,0,8.8,37.0
1021.3,0,7.9,43.0
1021.6,0,6.5,45.0
1021.9,0,5.1,59.0
1022.0,0,3.9,71.0
1022.1,0,3.2,75.0
1022.1,0,3.2,77.0
1022.2,0,1.1,83.0
1022.3,0,0.7,85.0
1022.4,0,-0.6,88.0
1022.3,0,-0.7,88.0
1022.2,0,-0.2,88.0
1022.2,0,0.1,83.0
1021.9,0,0.8,81.0
1022.0,0,1.9,76.0
1021.8,0,3.1,70.0
1021.6,0,4.6,70.0
1021.1,0,6.8,79.0
1020.7,1,6.4,87.0
1020.1,1,5.9,77.0
1019.3,0,5.5,79.0
1018.2,1,5.4,90.0
1017.2,1,5.4,93.0
1015.7,1,5.6,95.0
1014.5,1,5.5,93.0
1013.3,1,5.6,93.0
1012.2,1,5.7,93.0
1011.0,1,5.9,94.0
1010.1,1,6.1,93.0
1009.1,0,6.1,93.0
1008.4,0,6.0,94.0
1007.4,0,5.9,93.0
1006.5,0,5.9,93.0
1005.9,0,5.8,93.0
1005.0,0,5.7,94.0
1004.2,0,5.1,94.0
1003.4,0,5.5,94.0
1002.9,0,6.0,91.0
1002.2,0,6.6,88.0
1001.6,0,7.2,86.0
1000.9,0,8.2,82.0
1000.1,0,9.1,78.0
999.6,0,9.3,80.0
998.9,0,10.7,77.0
998.5,0,12.5,41.0
998.0,0,13.0,37.0
997.1,0,13.2,40.0
996.9,0,12.4,45.0
996.7,0,12.2,47.0
998.0,0,10.4,30.0
998.9,0,8.3,35.0
999.5,0,6.9,38.0
1000.7,0,5.7,38.0
1001.6,0,4.5,38.0
1002.5,0,3.6,41.0
1003.4,0,3.6,41.0
1004.4,0,3.1,43.0
1005.3,0,3.0,40.0
1005.7,0,2.7,39.0
1006.4,0,2.4,38.0
1007.0,0,2.4,36.0
1007.6,0,2.7,36.0
1008.3,0,3.4,34.0
1009.2,0,4.3,33.0
1009.6,0,5.4,27.0
1009.7,0,6.1,26.0
1009.7,0,6.6,25.0
1009.9,0,6.0,25.0
1010.0,0,7.5,25.0
1010.3,0,6.7,25.0
1010.5,0,6.6,22.0
1010.9,0,6.2,24.0
1011.3,0,6.5,24.0
1011.8,0,6.5,27.0
1012.3,0,5.0,27.0
1013.1,0,4.0,31.0
1013.8,0,3.6,32.0
1014.4,0,3.3,32.0
1014.8,0,2.5,34.0
1015.3,0,1.0,39.0
1015.3,0,1.1,44.0
1015.6,0,-0.5,51.0
1015.4,0,-1.2,52.0
1015.3,0,-1.4,54.0
1015.0,0,-0.3,53.0
1014.8,0,-1.1,59.0
1014.5,0,0.9,52.0
1014.4,0,3.5,45.0
1013.8,0,6.6,37.0
1013.7,0,7.4,37.0
1013.2,0,9.2,36.0
1012.9,0,8.8,42.0
1013.0,0,6.9,60.0
1011.8,0,9.0,49.0
1011.7,0,7.1,59.0
1011.3,1,5.4,76.0
1010.3,0,6.0,70.0
1009.7,0,6.3,68.0
1008.9,0,6.6,62.0
1008.4,0,6.6,62.0
1007.6,0,6.4,64.0
1007.1,0,7.6,54.0
1006.6,0,8.0,51.0
1006.5,0,8.0,51.0
1006.2,0,8.0,52.0
1006.0,0,7.7,55.0
1005.9,0,7.5,57.0
1005.2,0,7.3,60.0
1005.1,0,6.8,63.0
1005.2,0,7.4,63.0
1005.6,0,8.0,64.0
1005.5,0,9.5,61.0
1005.5,0,11.5,57.0
1004.9,0,13.4,53.0
1004.1,0,14.7,49.0
1003.0,0,13.6,57.0
1002.0,0,11.8,63.0
1001.0,0,17.1,36.0
1000.4,0,16.8,28.0
1000.3,0,17.9,27.0
1000.1,0,16.2,31.0
1000.0,0,14.2,34.0
999.4,0,12.6,41.0
999.8,0,11.4,47.0
999.2,0,10.5,50.0
998.9,0,8.3,64.0
999.5,0,7.4,72.0
999.5,0,7.6,67.0
1000.7,0,9.0,51.0
1002.0,0,9.3,35.0
1003.4,0,8.1,37.0
1004.3,0,7.4,33.0
1005.8,0,6.7,34.0
1006.7,0,6.7,36.0
1007.5,0,7.1,36.0
1008.0,0,8.0,35.0
1008.4,0,9.6,33.0
1008.6,0,10.7,36.0
1008.8,0,11.1,30.0
1008.9,0,11.4,31.0
1009.0,0,11.5,31.0
1009.2,0,12.0,25.0
1009.3,0,12.4,27.0
1009.6,0,12.2,27.0
1010.1,0,12.0,28.0
1010.6,0,11.0,29.0
1011.2,0,9.9,31.0
1012.1,0,8.5,35.0
1012.8,0,7.0,40.0
1013.8,0,6.3,43.0
1014.2,0,5.3,45.0
1015.2,0,4.1,50.0
1015.7,0,3.4,50.0
1016.2,0,2.5,52.0
1016.8,0,1.6,56.0
1017.3,0,1.0,56.0
1017.8,0,0.1,60.0
1018.3,0,1.2,59.0
1019.0,0,2.7,55.0
1019.5,0,5.4,43.0
1019.5,0,6.7,34.0
1019.4,0,7.3,33.0
1019.1,0,8.4,30.0
1018.9,0,9.5,28.0
1018.5,0,10.3,27.0
1018.5,0,10.8,27.0
1018.0,0,9.9,36.0
1018.0,0,9.5,35.0
1018.2,0,9.0,43.0
1018.2,0,9.2,38.0
1018.3,0,7.4,44.0
1018.6,0,5.5,51.0
1019.2,0,4.2,55.0
1019.8,0,3.2,60.0
1020.2,0,2.8,67.0
1020.7,0,1.9,65.0
1021.1,0,2.0,69.0
1021.3,0,1.3,70.0
1021.4,0,0.8,69.0
1021.7,0,0.4,72.0
1021.8,0,0.6,69.0
1022.2,0,1.3,68.0
1022.3,0,2.7,61.0
1022.4,0,4.9,52.0
1022.2,0,6.6,38.0
1022.1,0,7.5,35.0
1021.8,0,8.7,30.0
1021.5,0,9.5,32.0
1021.3,0,10.1,30.0
1020.8,0,11.2,26.0
1020.6,0,11.3,27.0
1020.2,0,11.9,28.0
1020.2,0,12.1,29.0
1020.0,0,12.0,29.0
1020.4,0,11.4,32.0
1021.1,0,9.5,39.0
1021.4,0,7.5,50.0
1021.6,0,4.8,60.0
1022.2,0,4.8,61.0
1022.8,0,3.8,66.0
1023.4,0,2.6,70.0
1023.6,0,3.1,64.0
1024.1,0,2.6,69.0
1024.5,0,2.9,68.0
1024.9,0,2.1,73.0
1025.1,0,3.1,70.0
1025.1,0,4.8,63.0
1025.3,0,7.5,55.0
1025.4,0,9.3,51.0
1025.6,0,10.3,46.0
1025.5,0,11.3,43.0
1024.9,0,12.2,42.0
1024.6,0,12.5,39.0
1024.3,0,12.5,42.0
1024.2,0,12.8,41.0
1023.9,0,13.1,42.0
1023.5,0,13.3,40.0
1023.6,0,13.1,40.0
1024.0,0,11.4,43.0
1024.2,0,9.2,49.0
1024.4,0,8.2,50.0
1024.7,0,6.1,59.0
1025.1,0,5.0,65.0
1025.9,0,4.2,72.0
1026.6,0,3.8,78.0
1026.9,0,4.3,77.0
1027.3,0,7.6,55.0
1027.9,0,7.2,56.0
1028.2,0,6.7,58.0
1028.6,0,7.3,58.0
1028.7,0,8.7,54.0
1028.9,0,10.1,52.0
1028.8,0,11.4,47.0
1028.5,0,12.6,43.0
1028.3,0,13.4,40.0
1028.0,0,14.9,36.0
1028.0,0,15.4,33.0
1027.6,0,16.8,30.0
1027.3,0,17.3,28.0
1026.8,0,17.8,27.0
1026.6,0,18.1,26.0
1026.6,0,18.3,26.0
1027.1,0,17.2,28.0
1027.5,0,11.5,53.0
1028.0,0,9.8,54.0
1028.4,0,9.4,56.0
1028.8,0,7.2,70.0
1029.0,0,6.5,72.0
1029.5,0,5.6,73.0
1029.6,0,4.9,79.0
1029.8,0,4.6,78.0
1030.2,0,4.2,79.0
1030.4,0,4.3,73.0
1030.8,0,6.1,64.0
1031.1,0,8.0,57.0
1031.5,0,11.4,47.0
1031.6,0,13.1,43.0
1031.4,0,14.5,39.0
1031.2,0,16.4,36.0
1030.9,0,16.9,35.0
1030.5,0,18.3,33.0
1030.1,0,19.1,27.0
1029.6,0,19.4,25.0
1028.9,0,19.8,25.0
1028.7,0,20.1,22.0
1028.4,0,19.3,30.0
1028.6,0,17.1,46.0
1028.5,0,12.6,53.0
1028.6,0,11.6,52.0
1028.7,0,10.8,60.0
1029.0,0,9.7,71.0
1029.5,0,7.9,64.0
1029.5,0,7.1,72.0
1029.5,0,6.9,65.0
1029.6,0,6.4,66.0
1029.8,0,5.3,79.0
1029.8,0,5.0,82.0
1029.6,0,6.5,69.0
1029.7,0,9.4,53.0
1029.8,0,12.4,42.0
1029.4,0,14.9,34.0
1029.1,0,16.4,29.0
1028.7,0,17.6,26.0
1028.2,0,19.2,24.0
1027.7,0,19.6,29.0
1027.3,0,18.2,29.0
1026.4,0,17.8,31.0
1025.6,0,17.1,35.0
1025.1,0,16.9,32.0
1024.8,0,17.6,28.0
1024.3,0,16.2,35.0
1024.0,0,13.2,44.0
1023.8,0,12.1,52.0
1023.3,0,10.8,57.0
1023.0,0,8.7,69.0
1022.7,0,7.5,76.0
1022.6,0,6.2,82.0
1022.2,0,5.7,83.0
1022.0,0,4.8,83.0
1021.7,0,4.1,75.0
1021.5,0,5.6,61.0
1021.2,0,6.6,59.0
1021.1,0,9.1,50.0
1020.6,0,12.1,41.0
1020.1,0,13.3,35.0
1019.5,0,14.2,35.0
1018.9,0,15.8,32.0
1018.0,0,17.4,29.0
1017.2,0,17.8,26.0
1016.2,0,17.1,36.0
1015.3,0,15.2,42.0
1014.3,0,16.2,38.0
1013.3,0,15.2,42.0
1012.5,0,14.4,42.0
1011.9,0,14.1,40.0
1011.3,0,12.0,46.0
1010.8,0,11.2,43.0
1010.1,0,11.1,39.0
1009.4,0,9.0,46.0
1008.9,0,7.1,63.0
1008.6,0,5.8,68.0
1008.6,0,9.2,48.0
1008.6,0,9.6,45.0
1008.5,0,9.4,47.0
1008.4,0,8.5,51.0
1008.5,0,8.0,54.0
1008.6,0,7.9,54.0
1008.5,0,8.5,50.0
1008.2,0,9.1,48.0
1008.0,0,9.9,46.0
1007.6,0,11.6,40.0
1007.3,0,12.4,37.0
1006.9,0,12.9,36.0
1007.0,0,12.3,39.0
1006.6,0,13.6,34.0
1006.6,0,12.6,35.0
1006.7,0,12.0,36.0
1006.8,0,11.9,34.0
1006.7,0,11.5,36.0
1007.2,0,10.2,40.0
1007.7,0,8.7,44.0
1008.2,0,7.4,50.0
1008.5,0,6.0,53.0
1008.5,0,6.5,47.0
1009.1,0,5.2,53.0
1009.2,0,4.5,57.0
1009.2,0,4.5,59.0
1009.2,0,3.2,64.0
1009.3,0,3.3,63.0
1009.5,0,4.1,64.0
1009.5,0,5.9,57.0
1009.5,0,8.4,44.0
1009.1,0,10.0,40.0
1009.0,0,11.1,37.0
1008.6,0,12.2,38.0
1008.2,0,12.7,34.0
1007.9,0,13.5,31.0
1007.7,0,13.0,37.0
1007.2,0,12.9,40.0
1006.8,0,11.9,48.0
1006.4,0,12.4,41.0
1005.8,0,11.8,43.0
1005.5,0,10.7,47.0
1005.5,0,8.7,55.0
1005.4,0,7.4,63.0
1005.1,0,6.8,74.0
1004.9,0,5.7,84.0
1004.7,0,4.9,87.0
1004.4,0,3.8,91.0
1004.3,0,2.8,92.0
1004.3,0,1.9,92.0
1004.4,0,1.7,90.0
1004.3,0,2.7,81.0
1004.3,0,3.6,82.0
1004.5,0,5.7,79.0
1004.4,0,8.0,58.0
1004.7,0,9.3,51.0
1004.9,0,10.5,42.0
1004.6,0,11.4,39.0
1004.3,0,12.2,39.0
1003.9,0,12.9,37.0
1003.7,0,13.9,37.0
1003.5,0,14.2,34.0
1003.5,0,12.7,59.0
1003.3,0,10.7,67.0
1003.4,0,9.6,75.0
1003.4,0,8.8,75.0
1003.4,0,7.8,83.0
1003.9,0,7.6,79.0
1003.9,0,7.5,80.0
1004.0,0,7.9,79.0
1004.0,0,7.7,78.0
1003.6,0,7.5,77.0
1003.3,0,7.6,76.0
1003.0,0,7.5,79.0
1002.4,0,7.0,86.0
1002.1,1,6.9,88.0
1001.8,1,6.5,91.0
1001.5,1,6.6,92.0
1001.4,1,6.9,92.0
1000.9,1,7.0,90.0
1000.4,1,7.6,92.0
1000.1,1,7.2,91.0
999.5,1,8.2,88.0
999.3,0,9.2,86.0
999.1,0,9.5,80.0
999.0,1,8.3,73.0
999.5,0,8.8,78.0
1000.1,1,5.8,84.0
1000.0,1,6.9,83.0
1000.4,0,6.8,87.0
1001.0,0,5.8,86.0
1001.2,0,5.0,88.0
1001.4,0,4.3,87.0
1001.5,0,4.2,88.0
1001.5,0,4.4,89.0
1001.6,0,4.7,90.0
1001.7,0,4.5,87.0
1002.0,0,3.9,88.0
1002.2,0,3.4,87.0
1002.4,0,3.0,88.0
1002.8,0,2.7,89.0
1003.3,1,2.9,88.0
1003.6,1,3.0,88.0
1003.9,1,3.7,85.0
1004.3,1,4.1,82.0
1004.5,1,4.5,77.0
1004.7,0,5.3,71.0
1005.1,1,4.6,80.0
1005.0,1,6.2,70.0
1005.2,0,6.4,65.0
1005.4,0,6.5,59.0
1005.6,0,5.2,73.0
1005.7,0,6.2,63.0
1005.9,0,6.1,64.0
1006.3,0,5.3,77.0
1006.4,0,3.2,80.0
1006.4,0,2.0,85.0
1006.5,0,1.2,90.0
1006.6,0,0.9,93.0
1006.6,0,-0.1,93.0
1006.8,0,0.0,95.0
1006.9,0,-0.4,95.0
1006.8,0,-0.8,95.0
1006.8,0,-1.1,95.0
1007.0,0,0.1,94.0
1007.3,0,1.5,93.0
1007.4,0,5.0,76.0
1007.6,0,6.6,43.0
1007.6,0,7.7,40.0
1007.5,0,8.3,36.0
1007.5,0,9.0,37.0
1007.4,0,9.1,31.0
1007.1,0,9.9,31.0
1006.9,0,9.5,29.0
1006.9,0,8.9,32.0
1006.8,0,8.4,33.0
1006.7,0,8.2,34.0
1006.6,0,7.5,43.0
1006.7,0,7.0,45.0
1007.0,0,7.4,45.0
1007.2,0,7.0,45.0
1007.3,0,6.6,49.0
1007.3,0,6.3,50.0
1007.3,0,6.2,50.0
1007.0,0,6.1,48.0
1007.0,0,5.8,53.0
1006.6,0,5.4,57.0
1006.5,0,5.2,58.0
1006.2,0,5.2,53.0
1006.3,0,5.0,57.0
1006.0,0,5.1,55.0
1006.0,0,5.6,53.0
1005.4,0,6.3,55.0
1004.8,0,6.3,48.0
1003.8,0,6.9,45.0
1003.0,0,7.0,47.0
1002.4,0,7.4,50.0
1002.2,0,5.5,65.0
1001.7,1,5.2,72.0
1001.2,1,4.7,79.0
1000.5,1,4.6,84.0
1000.1,1,4.4,82.0
999.9,1,4.0,87.0
999.5,1,3.7,89.0
998.8,1,3.7,90.0
998.2,1,3.6,88.0
997.8,1,2.7,89.0
997.2,1,2.4,92.0
996.8,1,1.9,94.0
996.3,1,2.4,95.0
996.0,1,2.8,95.0
996.1,1,2.7,95.0
996.5,1,2.7,95.0
996.7,0,3.2,94.0
996.9,0,4.1,92.0
997.0,0,5.2,87.0
997.5,0,6.0,84.0
997.2,0,7.3,81.0
996.8,0,8.7,75.0
996.7,0,9.2,73.0
996.6,0,10.9,61.0
996.3,0,11.6,53.0
995.8,0,11.6,55.0
995.7,0,11.6,56.0
995.7,0,11.7,60.0
996.1,0,10.1,62.0
996.5,0,8.6,71.0
996.7,0,7.2,76.0
996.8,0,6.4,83.0
996.8,0,5.3,87.0
997.0,0,4.6,90.0
997.1,0,4.7,90.0
997.2,0,3.9,91.0
997.3,0,3.5,93.0
997.4,0,2.8,94.0
997.5,0,2.4,94.0
997.9,0,4.0,90.0
998.1,0,5.6,86.0
998.1,0,8.8,76.0
998.4,0,10.4,66.0
998.6,0,12.1,57.0
998.7,0,12.2,68.0
998.8,0,11.7,66.0
999.1,0,12.6,61.0
999.2,0,12.7,58.0
999.3,0,13.1,55.0
999.5,0,13.6,51.0
999.4,0,12.2,61.0
999.9,0,12.5,59.0
1000.1,0,11.9,62.0
1000.5,0,10.5,72.0
1001.0,0,9.8,72.0
1001.3,0,8.8,75.0
1001.6,0,7.4,76.0
1002.0,0,6.5,80.0
1002.1,0,6.1,82.0
1002.4,0,5.0,78.0
1002.9,0,5.3,69.0
1003.1,0,4.5,73.0
1003.8,0,5.6,66.0
1004.4,0,6.4,65.0
1005.0,0,7.9,57.0
1005.4,0,10.3,47.0
1005.8,0,11.3,40.0
1006.3,0,12.4,40.0
1006.2,0,13.3,41.0
1006.3,0,14.3,36.0
1006.6,1,12.9,49.0
1006.8,0,11.4,53.0
1006.9,0,12.9,44.0
1006.8,0,13.4,43.0
1006.7,0,13.5,44.0
1006.3,0,13.4,42.0
1006.5,0,12.0,53.0
1006.5,1,10.5,50.0
1007.8,1,7.6,75.0
1008.4,0,6.1,81.0
1008.6,0,5.4,85.0
1009.0,0,4.8,87.0
1009.4,0,4.7,83.0
1010.0,0,5.1,80.0
1010.2,0,4.9,80.0
1010.6,0,5.0,79.0
1011.2,0,4.8,80.0
1012.0,0,5.0,74.0
1012.5,0,4.7,75.0
1013.1,0,5.5,72.0
1013.3,0,7.5,60.0
1013.4,0,8.8,47.0
1013.6,0,9.5,41.0
1013.8,0,10.3,35.0
1013.8,0,10.3,34.0
1013.9,0,10.5,38.0
1013.7,0,11.2,31.0
1014.0,0,9.7,36.0
1014.1,0,11.1,29.0
1014.4,0,10.9,31.0
1015.0,0,10.1,34.0
1015.6,0,8.9,39.0
1016.1,0,7.4,46.0
1016.7,0,6.4,51.0
1017.1,0,5.6,53.0
1017.6,0,4.9,57.0
1018.1,0,4.7,57.0
1018.4,0,4.5,56.0
1018.6,0,4.4,57.0
1019.0,0,3.6,60.0
1019.2,0,3.8,60.0
1019.4,0,5.3,53.0
1019.5,0,6.4,50.0
1019.6,0,7.8,48.0
1019.5,0,8.8,46.0
1019.3,0,10.2,40.0
1019.2,0,11.3,40.0
1018.6,0,11.3,34.0
1018.3,0,12.6,36.0
1017.9,0,13.1,35.0
1017.9,0,11.7,44.0
1017.5,0,12.2,43.0
1017.1,0,11.7,39.0
1017.0,0,11.1,42.0
1016.7,0,9.9,42.0
1016.5,0,9.0,52.0
1016.5,0,7.6,71.0
1016.5,0,6.6,76.0
1016.3,0,5.3,82.0
1016.1,0,4.7,77.0
1015.8,0,3.2,84.0
1015.6,0,2.6,86.0
1015.3,0,2.1,87.0
1015.5,0,1.4,85.0
1015.3,0,2.0,80.0
1015.1,0,6.2,61.0
1014.9,0,8.6,47.0
1014.7,0,10.7,42.0
1014.3,0,12.4,39.0
1014.0,0,13.9,36.0
1013.3,0,14.9,33.0
1013.0,0,15.5,31.0
1012.7,0,15.8,34.0
1012.0,0,16.2,32.0
1011.7,0,16.4,30.0
1011.7,0,16.2,29.0
1011.6,0,15.8,31.0
1011.8,0,15.2,31.0
1012.3,0,14.0,34.0
1012.6,0,12.6,37.0
1013.5,0,11.1,40.0
1013.6,0,10.4,42.0
1014.2,0,9.8,44.0
1015.0,0,9.4,45.0
1015.4,0,8.6,48.0
1015.7,0,7.8,51.0
1015.9,0,7.4,54.0
1016.2,0,6.8,56.0
1016.2,0,6.6,58.0
1016.3,0,7.2,58.0
1016.4,0,7.9,56.0
1016.4,0,10.0,46.0
1015.8,0,10.5,38.0
1015.7,0,11.6,37.0
1015.3,0,12.9,40.0
1015.0,0,11.9,40.0
1014.4,0,11.9,39.0
1013.7,0,11.4,44.0
1013.2,0,11.6,42.0
1012.8,0,12.1,49.0
1012.2,0,12.6,48.0
1011.8,0,11.7,50.0
1011.3,0,10.6,62.0
1010.9,0,9.5,72.0
1010.6,0,8.8,79.0
1010.2,0,7.9,85.0
1009.6,0,6.9,89.0
1009.1,0,6.4,91.0
1008.6,0,5.2,92.0
1008.1,0,4.4,93.0
1007.8,0,4.1,94.0
1007.5,0,3.1,92.0
1007.4,0,3.2,93.0
1007.5,0,5.3,84.0
1007.7,0,8.4,67.0
1007.4,0,11.3,41.0
1007.4,0,12.1,39.0
1007.3,0,12.4,38.0
1007.2,0,13.8,36.0
1007.2,0,14.1,33.0
1007.3,0,14.2,33.0
1007.4,0,14.5,36.0
1007.3,0,15.3,34.0
1007.3,0,15.3,34.0
1007.2,0,14.6,40.0
1007.3,0,14.0,38.0
1007.8,0,13.3,38.0
1008.0,0,12.3,38.0
1008.5,0,11.5,41.0
1008.9,0,9.6,48.0
1009.3,0,9.5,48.0
1009.7,0,8.4,49.0
1009.8,0,7.3,51.0
1010.3,0,6.1,55.0
1010.5,0,4.9,59.0
1010.5,0,4.8,58.0
1010.7,0,4.6,61.0
1010.7,0,6.6,56.0
1010.8,0,8.2,51.0
1010.8,0,9.8,50.0
1010.6,0,11.2,44.0
1010.3,0,12.8,41.0
1009.9,0,13.5,42.0
1009.7,0,13.7,47.0
1009.3,0,12.5,47.0
1008.8,0,13.2,48.0
1008.4,0,13.2,49.0
1007.9,0,13.2,46.0
1007.3,0,13.3,48.0
1007.0,0,12.9,43.0
1006.6,0,12.2,43.0
1006.6,0,10.7,55.0
1006.0,0,9.8,78.0
1005.3,0,9.5,83.0
1004.7,0,9.3,82.0
1003.9,0,9.1,83.0
1003.0,0,9.0,85.0
1002.2,0,9.0,87.0
1001.6,0,8.6,89.0
1001.1,1,8.2,92.0
1001.0,1,5.2,89.0
1001.2,1,4.2,90.0
1001.5,1,3.1,90.0
1001.4,1,3.9,90.0
1001.3,1,4.4,87.0
1001.5,0,5.3,78.0
1001.7,0,5.6,73.0
1002.6,0,4.7,80.0
1003.1,0,4.6,80.0
1003.4,0,5.1,77.0
1003.9,0,6.0,65.0
1003.9,1,7.1,56.0
1004.6,0,6.3,53.0
1005.0,0,6.3,49.0
1006.2,0,5.2,64.0
1006.9,0,4.0,68.0
1007.6,0,3.0,73.0
1008.0,0,2.7,70.0
1008.7,0,2.3,67.0
1009.3,0,1.7,72.0
1009.8,0,1.5,64.0
1010.1,0,0.4,64.0
1010.3,0,0.3,61.0
1010.4,0,0.4,58.0
1010.6,0,0.3,59.0
1010.9,0,2.3,49.0
